Epoch,Stage,Train_Loss,Val_Phys_RMSE,M1_MAE,M1_RelErr(%),M2_MAE,M2_RelErr(%),M3_MAE,M3_RelErr(%),Time_Cost(s)
1,1,3.0652,1.3406e+03,2.3791e+03,111.92,9.0493e+01,21001.22,4.2291e+01,633.42,0.4
2,1,1.9215,1.0221e+03,1.3289e+03,54.65,1.0540e+02,31173.20,4.9347e+01,784.38,0.2
3,1,1.6226,9.8701e+02,1.3792e+03,57.06,1.0955e+02,40106.74,5.1721e+01,823.21,0.2
4,1,1.4460,9.7335e+02,1.3546e+03,59.90,1.0835e+02,49419.58,5.0283e+01,791.05,0.2
5,1,1.4207,1.0616e+03,1.2250e+03,49.23,1.0015e+02,51013.30,4.5104e+01,702.03,0.2
6,1,1.5634,8.9314e+02,1.1855e+03,48.87,8.9934e+01,13030.20,4.3452e+01,730.16,0.2
7,1,1.3072,9.1675e+02,1.2115e+03,53.60,1.0955e+02,55333.67,5.0932e+01,781.44,0.2
8,1,1.1563,8.1354e+02,9.1141e+02,36.76,8.8085e+01,21973.69,4.2095e+01,647.39,0.2
9,1,1.0848,8.6862e+02,9.1027e+02,33.17,8.0583e+01,26154.94,3.8009e+01,573.68,0.2
10,1,1.2813,8.8926e+02,1.1242e+03,46.88,1.0835e+02,48348.11,5.0602e+01,806.49,0.2
11,1,1.2683,7.9541e+02,8.1802e+02,31.38,8.6909e+01,28600.54,4.1412e+01,653.63,0.2
12,1,1.1524,7.2414e+02,7.6169e+02,30.74,9.3830e+01,28568.28,4.4903e+01,717.71,0.2
13,1,0.9653,7.9526e+02,9.9670e+02,34.39,1.0664e+02,33429.69,5.1467e+01,840.48,0.2
14,1,1.0283,6.7516e+02,8.1475e+02,29.63,9.4436e+01,26514.93,4.5939e+01,743.85,0.2
15,1,0.8672,5.8031e+02,6.5989e+02,25.35,9.5133e+01,30905.65,4.6725e+01,699.45,0.2
16,1,0.8402,6.0753e+02,6.4922e+02,26.90,9.0920e+01,23435.99,4.4494e+01,699.83,0.2
17,1,0.9754,7.3323e+02,7.0977e+02,25.93,7.8932e+01,28677.44,3.8129e+01,595.18,0.2
18,1,0.9322,5.5932e+02,7.0908e+02,28.58,8.2878e+01,27865.96,4.0721e+01,645.67,0.2
19,1,0.6853,8.0150e+02,7.4740e+02,25.34,9.4557e+01,25279.46,4.6462e+01,661.43,0.2
20,1,1.0181,6.2723e+02,1.0239e+03,42.09,8.1269e+01,9331.02,4.1077e+01,673.65,0.2
21,1,1.0521,7.2913e+02,6.9522e+02,26.53,8.1761e+01,30813.25,3.9194e+01,636.82,0.2
22,1,0.7728,5.9839e+02,5.8374e+02,22.57,8.2461e+01,27679.60,4.0449e+01,629.04,0.2
23,1,0.6926,4.7357e+02,6.0898e+02,28.62,9.2814e+01,36450.31,4.5711e+01,691.45,0.2
24,1,1.0944,8.3466e+02,7.8368e+02,25.59,7.1403e+01,22628.03,3.3733e+01,566.22,0.2
25,1,1.0575,6.1128e+02,8.9816e+02,41.64,1.0568e+02,37272.70,5.1757e+01,787.37,0.2
26,1,0.9453,5.3205e+02,6.0672e+02,22.68,9.5174e+01,34395.47,4.6609e+01,723.19,0.2
27,1,1.0499,6.5373e+02,5.5074e+02,17.65,8.2640e+01,26712.69,3.9922e+01,664.32,0.2
28,1,0.9007,6.2343e+02,6.0711e+02,21.81,7.3137e+01,23361.12,3.5829e+01,588.59,0.2
29,1,0.7672,5.6213e+02,6.0193e+02,20.40,6.9986e+01,25982.85,3.4759e+01,550.91,0.2
30,1,0.6185,4.0782e+02,4.2963e+02,16.14,8.5526e+01,33128.84,4.2239e+01,653.78,0.2
31,1,0.4786,3.8955e+02,5.3292e+02,23.08,9.7571e+01,38631.38,4.7934e+01,728.10,0.2
32,1,0.7007,6.2648e+02,7.0436e+02,28.26,9.6417e+01,38638.85,4.6864e+01,737.36,0.2
33,1,0.7438,4.4290e+02,6.4787e+02,25.69,8.3881e+01,14244.43,4.1795e+01,671.21,0.2
34,1,0.7930,3.9659e+02,5.5960e+02,25.80,9.7533e+01,36875.11,4.8074e+01,727.03,0.2
35,1,0.5614,5.0898e+02,5.2065e+02,19.77,8.4821e+01,33412.72,4.2089e+01,642.83,0.2
36,1,0.6126,5.0575e+02,7.1084e+02,32.18,9.8881e+01,42697.44,4.8549e+01,742.98,0.2
37,1,0.6441,4.3147e+02,5.3715e+02,20.48,7.4290e+01,23976.42,3.7118e+01,579.98,0.2
38,1,0.4608,4.3003e+02,4.2769e+02,13.53,7.7370e+01,27097.35,3.8556e+01,610.38,0.2
39,1,0.5181,3.7387e+02,4.3115e+02,17.56,9.4492e+01,33970.11,4.6572e+01,700.50,0.2
40,1,0.4765,9.5451e+02,6.8690e+02,17.98,1.0642e+02,28682.34,5.2001e+01,730.57,0.2
41,1,0.6195,4.6024e+02,4.7016e+02,17.10,9.2280e+01,30209.39,4.5606e+01,663.61,0.2
42,1,0.5306,3.9013e+02,4.5569e+02,16.04,9.5043e+01,34375.19,4.6711e+01,717.83,0.2
43,1,0.5386,5.3401e+02,4.7513e+02,15.11,9.0553e+01,27021.94,4.4595e+01,669.16,0.2
44,1,0.6777,3.8965e+02,3.6002e+02,11.49,8.9587e+01,29224.75,4.4275e+01,669.60,0.2
45,1,0.7077,3.6522e+02,4.9595e+02,21.73,9.7825e+01,35001.73,4.8184e+01,724.54,0.2
46,1,0.5732,3.5219e+02,3.7840e+02,13.16,8.0517e+01,27638.78,3.9946e+01,615.24,0.2
47,1,0.5659,3.9327e+02,3.7505e+02,14.89,8.5115e+01,30635.09,4.2298e+01,651.54,0.2
48,1,0.4692,4.6210e+02,4.1338e+02,12.13,7.8914e+01,30590.81,3.9275e+01,613.21,0.2
49,1,0.8052,3.3255e+02,4.0162e+02,16.52,9.0680e+01,27461.14,4.4969e+01,683.87,0.2
50,1,0.6902,4.7500e+02,4.3183e+02,11.65,9.5961e+01,31282.93,4.7004e+01,716.22,0.2
51,1,0.5787,4.0873e+02,3.5036e+02,11.64,8.1292e+01,30965.98,4.0364e+01,634.14,0.2
52,1,0.3728,3.5160e+02,3.3353e+02,11.33,8.4764e+01,27281.47,4.2078e+01,631.19,0.2
53,1,0.4450,3.3149e+02,2.9432e+02,9.37,8.4595e+01,31045.28,4.1809e+01,650.63,0.2
54,1,0.3708,3.2861e+02,2.9640e+02,10.18,8.1835e+01,27352.06,4.0559e+01,630.88,0.2
55,1,0.3122,3.3564e+02,3.4432e+02,13.72,9.2301e+01,33071.67,4.5533e+01,689.55,0.2
56,1,0.3581,3.4858e+02,3.4636e+02,13.37,9.1896e+01,34591.00,4.5288e+01,686.37,0.2
57,1,0.3375,3.1122e+02,3.4548e+02,15.17,9.0557e+01,32595.69,4.4838e+01,690.10,0.2
58,1,0.3347,3.2967e+02,2.5236e+02,7.81,8.2002e+01,29518.92,4.0780e+01,637.38,0.2
59,1,0.2862,2.9977e+02,3.0387e+02,12.53,8.8643e+01,33744.67,4.3837e+01,669.71,0.2
60,1,0.3086,3.1451e+02,3.1251e+02,12.31,8.8356e+01,31021.34,4.3796e+01,680.24,0.2
61,1,0.3258,3.7681e+02,2.8785e+02,8.92,8.2432e+01,29919.54,4.1008e+01,641.10,0.2
62,1,0.4277,3.3657e+02,2.9334e+02,9.99,8.1352e+01,32270.44,4.0413e+01,630.80,0.2
63,1,0.4583,3.9008e+02,3.3553e+02,11.79,8.3243e+01,31560.00,4.1454e+01,644.06,0.2
64,1,0.4984,3.1755e+02,2.8530e+02,9.49,8.9523e+01,32189.66,4.4205e+01,687.07,0.2
65,1,0.4569,3.6950e+02,3.0147e+02,7.89,9.0343e+01,30288.72,4.4451e+01,685.87,0.2
66,1,0.4295,3.6816e+02,3.5102e+02,12.61,9.3425e+01,32806.14,4.5997e+01,698.67,0.2
67,1,0.4038,3.9092e+02,3.8940e+02,13.97,9.5422e+01,33223.51,4.6933e+01,712.30,0.2
68,1,0.4667,3.2564e+02,2.9065e+02,9.58,8.7193e+01,30685.98,4.3086e+01,672.55,0.2
69,1,0.3279,3.0570e+02,2.7520e+02,10.64,8.8934e+01,31399.30,4.3957e+01,670.24,0.2
70,1,0.3462,3.1837e+02,2.8078e+02,9.01,8.1203e+01,29204.71,4.0453e+01,627.38,0.2
71,1,0.4862,3.1401e+02,2.6365e+02,8.11,8.8093e+01,29945.28,4.3461e+01,684.10,0.2
72,1,0.3330,3.0274e+02,2.0737e+02,6.18,8.3071e+01,29367.74,4.1237e+01,646.51,0.2
73,1,0.2881,2.9129e+02,2.2228e+02,6.75,8.1481e+01,30590.67,4.0488e+01,622.81,0.2
74,1,0.2699,2.9103e+02,2.1978e+02,7.22,8.3164e+01,30434.18,4.1263e+01,635.26,0.2
75,1,0.2254,3.0471e+02,2.4909e+02,8.40,8.0752e+01,27656.29,4.0093e+01,622.50,0.2
76,1,0.1976,3.0337e+02,1.9972e+02,5.63,8.4685e+01,30537.90,4.1918e+01,646.95,0.2
77,1,0.2073,3.0285e+02,2.1646e+02,6.56,8.3579e+01,28927.08,4.1390e+01,640.77,0.2
78,1,0.1848,2.9630e+02,1.8872e+02,5.31,8.4352e+01,30247.27,4.1770e+01,646.90,0.2
79,1,0.1776,2.7960e+02,1.9984e+02,6.40,8.5928e+01,31910.62,4.2516e+01,663.15,0.2
80,1,0.1812,2.7913e+02,1.8386e+02,5.39,8.4922e+01,30657.85,4.2033e+01,660.75,0.2
81,1,0.1931,2.7793e+02,1.8788e+02,6.12,8.4584e+01,30961.16,4.1933e+01,652.04,0.2
82,1,0.1931,2.9110e+02,2.0423e+02,6.48,8.0523e+01,28838.45,4.0036e+01,635.31,0.2
83,1,0.2186,2.7292e+02,1.8595e+02,6.00,8.4849e+01,29728.09,4.2056e+01,652.15,0.2
84,1,0.1600,2.7701e+02,1.9135e+02,6.15,8.3642e+01,30487.92,4.1445e+01,647.08,0.2
85,1,0.1672,2.7076e+02,1.7287e+02,5.43,8.3416e+01,29803.20,4.1403e+01,645.08,0.2
86,1,0.2484,2.7368e+02,1.9362e+02,6.50,8.3032e+01,29638.69,4.1157e+01,656.23,0.2
87,1,0.2252,2.7592e+02,2.0137e+02,6.65,8.6112e+01,30584.62,4.2618e+01,664.04,0.2
88,1,0.1894,2.7257e+02,2.0710e+02,7.28,8.2939e+01,30550.10,4.1090e+01,645.05,0.2
89,1,0.2012,2.6717e+02,1.6984e+02,5.43,8.4508e+01,31147.91,4.1910e+01,657.21,0.2
90,1,0.2091,2.7014e+02,1.7223e+02,5.26,8.2881e+01,31007.63,4.1159e+01,646.85,0.2
91,1,0.1935,2.8906e+02,2.0197e+02,6.22,8.9844e+01,31650.63,4.4321e+01,686.31,0.2
92,1,0.1852,2.5866e+02,1.5920e+02,5.13,8.4582e+01,30403.63,4.1858e+01,660.07,0.2
93,1,0.1396,2.5752e+02,1.4477e+02,4.46,8.4020e+01,30450.41,4.1640e+01,654.73,0.2
94,1,0.1350,2.5118e+02,1.4178e+02,4.69,8.3815e+01,29662.84,4.1570e+01,659.09,0.2
95,1,0.2113,2.7320e+02,1.7931e+02,6.10,8.6114e+01,32144.59,4.2676e+01,672.58,0.2
96,1,0.2859,2.8229e+02,1.9086e+02,5.97,8.3698e+01,33057.75,4.1512e+01,654.35,0.2
97,1,0.2467,2.6406e+02,1.7712e+02,6.13,8.5920e+01,32225.39,4.2561e+01,670.79,0.2
98,1,0.2900,2.7589e+02,2.2658e+02,8.40,8.7917e+01,32838.35,4.3525e+01,682.44,0.2
99,1,0.2810,3.0696e+02,2.1476e+02,6.21,8.3133e+01,32664.62,4.1318e+01,648.86,0.2
100,1,0.4189,3.2761e+02,2.3608e+02,6.51,9.2411e+01,31683.13,4.5453e+01,707.66,0.2
101,1,0.2915,3.1322e+02,2.1940e+02,6.25,8.5431e+01,29158.88,4.2263e+01,653.29,0.2
102,1,0.2830,2.9653e+02,2.3064e+02,7.75,8.4519e+01,28788.83,4.1824e+01,651.22,0.2
103,1,0.2076,2.6145e+02,1.7743e+02,6.19,8.6054e+01,32968.43,4.2606e+01,665.30,0.2
104,1,0.1829,2.7792e+02,1.6891e+02,4.61,8.3794e+01,31289.12,4.1557e+01,661.07,0.2
105,1,0.1831,2.5336e+02,1.4617e+02,4.76,8.6061e+01,30949.29,4.2594e+01,669.93,0.2
106,1,0.1447,2.5213e+02,1.4938e+02,4.98,8.3713e+01,29688.81,4.1470e+01,653.23,0.2
107,1,0.1134,2.5193e+02,1.3239e+02,4.01,8.3875e+01,31054.43,4.1574e+01,654.95,0.2
108,1,0.1268,2.4711e+02,1.3372e+02,4.49,8.4258e+01,29439.65,4.1741e+01,657.96,0.2
109,1,0.1232,2.4440e+02,1.2275e+02,4.02,8.4287e+01,30195.76,4.1751e+01,659.30,0.2
110,1,0.1050,2.4549e+02,1.2609e+02,3.98,8.4781e+01,30244.21,4.1974e+01,659.02,0.2
111,1,0.1123,2.4475e+02,1.2927e+02,4.36,8.4667e+01,31027.00,4.1950e+01,662.40,0.2
112,1,0.1124,2.4237e+02,1.2070e+02,3.88,8.4650e+01,30939.23,4.1949e+01,661.12,0.2
113,1,0.1806,2.3947e+02,1.1850e+02,4.03,8.5554e+01,30650.81,4.2371e+01,665.47,0.2
114,1,0.1546,2.3935e+02,1.2603e+02,4.32,8.4975e+01,29683.34,4.2049e+01,668.25,0.2
115,1,0.1707,2.4558e+02,1.2159e+02,3.68,8.6262e+01,31048.17,4.2664e+01,665.52,0.2
116,1,0.1368,2.4429e+02,1.3073e+02,4.35,8.5260e+01,31917.87,4.2228e+01,663.94,0.2
117,1,0.1164,2.3944e+02,1.3422e+02,4.71,8.6341e+01,31025.21,4.2735e+01,672.15,0.2
118,1,0.1415,2.4340e+02,1.2389e+02,3.98,8.3690e+01,30518.76,4.1483e+01,656.86,0.2
119,1,0.1842,2.3431e+02,1.1967e+02,4.21,8.6067e+01,30438.86,4.2582e+01,670.48,0.2
120,1,0.1162,2.3728e+02,1.1786e+02,4.01,8.6282e+01,31347.38,4.2677e+01,673.65,0.2
121,1,0.1175,2.5447e+02,1.3034e+02,4.08,8.5970e+01,29915.31,4.2525e+01,664.19,0.2
122,1,0.1273,2.4007e+02,1.2437e+02,4.27,8.3104e+01,29628.79,4.1215e+01,654.16,0.2
123,1,0.0942,2.3553e+02,1.1043e+02,3.65,8.6165e+01,30633.66,4.2627e+01,669.48,0.2
124,1,0.1178,2.3561e+02,1.2048e+02,4.26,8.5352e+01,30055.64,4.2211e+01,670.21,0.2
125,1,0.1101,2.3237e+02,1.0556e+02,3.68,8.6122e+01,30871.56,4.2614e+01,670.77,0.2
126,1,0.1032,2.3622e+02,1.0669e+02,3.44,8.5465e+01,30640.56,4.2290e+01,664.90,0.2
127,1,0.1452,2.5158e+02,1.3715e+02,3.89,8.3859e+01,31377.08,4.1602e+01,657.73,0.2
128,1,0.1466,2.3704e+02,1.1299e+02,3.85,8.5754e+01,30339.85,4.2422e+01,669.23,0.2
129,1,0.1099,2.3283e+02,1.0306e+02,3.68,8.4550e+01,30029.66,4.1862e+01,665.21,0.2
130,1,0.0846,2.3188e+02,1.0235e+02,3.49,8.5998e+01,30368.48,4.2556e+01,668.91,0.2
131,1,0.0950,2.4079e+02,1.1494e+02,3.48,8.4105e+01,30755.90,4.1679e+01,662.76,0.2
132,1,0.1050,2.3348e+02,1.0537e+02,3.59,8.5001e+01,30766.05,4.2111e+01,665.02,0.2
133,1,0.0957,2.3147e+02,9.7988e+01,3.39,8.5720e+01,31156.25,4.2428e+01,669.33,0.2
134,1,0.0788,2.3213e+02,1.0258e+02,3.51,8.5259e+01,29954.80,4.2192e+01,667.22,0.2
135,1,0.0931,2.3120e+02,9.7156e+01,3.25,8.5201e+01,30645.29,4.2191e+01,665.81,0.2
136,1,0.0883,2.3647e+02,1.0984e+02,3.64,8.4907e+01,31127.45,4.2063e+01,665.66,0.2
137,1,0.0974,2.3153e+02,9.5921e+01,3.24,8.4727e+01,30493.20,4.1963e+01,664.43,0.2
138,1,0.1342,2.3535e+02,1.0949e+02,3.43,8.6727e+01,30331.18,4.2861e+01,676.73,0.2
139,1,0.1026,2.3436e+02,9.9079e+01,3.32,8.4969e+01,30653.16,4.2068e+01,667.91,0.2
140,1,0.1120,2.3363e+02,1.0114e+02,3.41,8.4385e+01,30101.05,4.1806e+01,664.01,0.2
141,1,0.0969,2.3086e+02,9.5991e+01,3.17,8.4857e+01,30863.10,4.2037e+01,662.98,0.2
142,1,0.0819,2.3136e+02,9.5549e+01,3.23,8.5050e+01,30748.36,4.2124e+01,666.87,0.2
143,1,0.1230,2.3904e+02,1.1331e+02,3.42,8.7103e+01,30227.00,4.3036e+01,677.18,0.2
144,1,0.1162,2.3072e+02,1.1118e+02,4.20,8.4263e+01,29778.07,4.1714e+01,662.91,0.2
145,1,0.0847,2.3137e+02,9.9912e+01,3.49,8.5471e+01,31145.82,4.2311e+01,668.63,0.2
146,1,0.0804,2.3101e+02,1.0475e+02,3.57,8.5532e+01,31225.86,4.2357e+01,665.75,0.2
147,1,0.1059,2.3042e+02,9.4554e+01,3.17,8.5447e+01,30793.16,4.2306e+01,665.50,0.2
148,1,0.0758,2.3069e+02,9.6154e+01,3.27,8.5239e+01,30632.81,4.2186e+01,667.05,0.2
149,1,0.0792,2.3335e+02,9.6518e+01,3.15,8.4793e+01,30785.32,4.2006e+01,664.76,0.2
150,1,0.0732,2.2955e+02,9.6056e+01,3.25,8.5862e+01,30398.86,4.2472e+01,671.13,0.2
151,1,0.0729,2.2950e+02,9.0566e+01,3.06,8.5061e+01,30684.22,4.2119e+01,664.90,0.2
152,1,0.0723,2.3620e+02,1.0750e+02,3.45,8.5935e+01,30125.18,4.2487e+01,670.35,0.2
153,1,0.1080,2.3509e+02,1.0608e+02,3.39,8.5072e+01,31246.74,4.2148e+01,666.42,0.2
154,1,0.0999,2.3213e+02,1.0271e+02,3.42,8.5686e+01,30063.57,4.2374e+01,670.21,0.2
155,1,0.1024,2.3026e+02,9.3644e+01,3.17,8.4584e+01,30358.08,4.1905e+01,663.61,0.2
156,1,0.0833,2.2787e+02,8.8742e+01,3.05,8.5697e+01,30704.91,4.2402e+01,670.36,0.2
157,1,0.0725,2.2962e+02,9.2007e+01,3.07,8.5541e+01,30413.12,4.2326e+01,667.66,0.2
158,1,0.0819,2.2935e+02,9.0775e+01,3.05,8.5060e+01,30775.68,4.2125e+01,665.69,0.2
159,1,0.0644,2.2838e+02,9.1312e+01,3.19,8.5312e+01,30309.89,4.2223e+01,666.71,0.2
160,1,0.0809,2.2818e+02,9.3186e+01,3.24,8.5722e+01,30553.39,4.2400e+01,670.93,0.2
161,1,0.0780,2.2784e+02,8.7176e+01,3.04,8.5057e+01,30452.12,4.2114e+01,666.45,0.2
162,1,0.0718,2.2723e+02,8.6701e+01,2.98,8.5682e+01,30614.70,4.2400e+01,670.09,0.2
163,1,0.0668,2.2735e+02,8.8170e+01,3.01,8.5301e+01,30565.13,4.2234e+01,667.11,0.2
164,1,0.0711,2.2946e+02,9.1781e+01,3.14,8.4977e+01,30786.90,4.2081e+01,666.92,0.2
165,1,0.0748,2.2685e+02,8.8726e+01,3.21,8.5022e+01,30228.40,4.2085e+01,667.58,0.2
166,1,0.0624,2.2648e+02,8.4621e+01,2.94,8.5513e+01,30631.13,4.2329e+01,668.32,0.2
167,1,0.0669,2.2639e+02,8.6112e+01,3.00,8.5858e+01,30762.89,4.2478e+01,672.35,0.2
168,1,0.0623,2.2664e+02,8.7726e+01,3.10,8.4622e+01,30175.08,4.1916e+01,663.44,0.2
169,1,0.0647,2.2607e+02,8.4470e+01,2.94,8.5688e+01,30667.65,4.2401e+01,670.47,0.2
170,1,0.0672,2.2843e+02,9.0178e+01,3.02,8.5610e+01,30332.53,4.2359e+01,668.21,0.2
171,1,0.0813,2.2645e+02,8.5046e+01,2.93,8.5393e+01,30818.84,4.2272e+01,667.84,0.2
172,1,0.0683,2.2775e+02,9.0767e+01,3.20,8.4705e+01,30427.06,4.1952e+01,665.61,0.2
173,1,0.0836,2.2766e+02,9.0426e+01,3.02,8.6271e+01,30559.75,4.2656e+01,673.92,0.2
174,1,0.0808,2.2804e+02,8.9609e+01,3.05,8.5499e+01,31127.21,4.2332e+01,669.76,0.2
175,1,0.0659,2.2530e+02,8.6199e+01,3.14,8.5183e+01,30084.88,4.2167e+01,667.86,0.2
176,1,0.0658,2.2551e+02,8.2687e+01,2.88,8.5645e+01,30870.90,4.2383e+01,669.61,0.2
177,1,0.0653,2.2563e+02,8.3105e+01,2.92,8.4990e+01,30565.80,4.2085e+01,665.70,0.2
178,1,0.0652,2.2711e+02,8.6661e+01,2.97,8.5341e+01,30871.85,4.2251e+01,669.77,0.2
179,1,0.0951,2.2830e+02,9.0193e+01,3.04,8.5810e+01,30235.80,4.2449e+01,669.18,0.2
180,1,0.0821,2.2563e+02,8.2528e+01,2.88,8.5741e+01,31060.34,4.2423e+01,671.54,0.2
181,1,0.0631,2.2503e+02,8.2638e+01,2.95,8.5571e+01,30620.76,4.2354e+01,669.65,0.2
182,1,0.0580,2.2584e+02,8.3814e+01,2.88,8.5717e+01,30634.54,4.2411e+01,670.18,0.2
183,1,0.0634,2.2650e+02,8.5598e+01,2.95,8.5541e+01,30469.80,4.2328e+01,668.28,0.2
184,1,0.0659,2.2575e+02,8.3650e+01,2.95,8.5477e+01,30770.62,4.2302e+01,670.47,0.2
185,1,0.0652,2.2711e+02,8.5404e+01,3.02,8.5141e+01,30488.14,4.2151e+01,669.61,0.2
186,1,0.0633,2.2687e+02,8.8130e+01,3.01,8.5739e+01,30210.63,4.2411e+01,669.77,0.2
187,1,0.0958,2.2561e+02,8.8201e+01,3.12,8.5950e+01,31244.90,4.2535e+01,673.23,0.2
188,1,0.0642,2.2897e+02,9.1419e+01,3.12,8.4252e+01,30140.30,4.1751e+01,663.68,0.2
189,1,0.0827,2.2621e+02,8.6910e+01,2.91,8.6466e+01,30645.65,4.2746e+01,676.32,0.2
190,1,0.0847,2.2974e+02,9.2149e+01,2.92,8.4863e+01,30874.56,4.2045e+01,665.99,0.2
191,1,0.0733,2.2448e+02,8.8183e+01,3.28,8.5675e+01,30354.64,4.2378e+01,671.76,0.2
192,1,0.0739,2.2440e+02,8.1158e+01,2.90,8.5234e+01,30440.00,4.2188e+01,667.27,0.2
193,1,0.0615,2.2408e+02,8.0937e+01,2.91,8.6107e+01,30976.55,4.2600e+01,672.73,0.2
194,1,0.0610,2.2458e+02,8.4836e+01,3.09,8.5553e+01,30282.73,4.2327e+01,669.98,0.2
195,1,0.0695,2.2535e+02,8.2548e+01,2.83,8.6157e+01,30822.03,4.2609e+01,672.73,0.2
196,1,0.0662,2.2487e+02,8.2757e+01,2.86,8.5177e+01,30600.44,4.2173e+01,668.58,0.2
197,1,0.0881,2.3202e+02,9.3918e+01,3.00,8.7005e+01,30826.92,4.3004e+01,675.18,0.2
198,1,0.0799,2.2479e+02,8.1719e+01,2.94,8.5363e+01,30590.16,4.2239e+01,667.56,0.2
199,1,0.0729,2.2462e+02,8.3223e+01,3.02,8.5240e+01,30681.90,4.2199e+01,669.10,0.2
200,1,0.0728,2.2489e+02,8.0336e+01,2.80,8.6204e+01,30681.39,4.2640e+01,672.38,0.2
201,1,0.0650,2.2434e+02,7.9345e+01,2.79,8.5673e+01,30614.30,4.2395e+01,670.00,0.2
202,1,0.0627,2.2469e+02,8.6431e+01,3.20,8.5802e+01,30244.91,4.2443e+01,671.37,0.2
203,1,0.0759,2.2463e+02,8.0852e+01,2.81,8.4949e+01,30698.16,4.2063e+01,666.06,0.2
204,1,0.0679,2.2822e+02,8.7096e+01,2.91,8.4966e+01,30630.48,4.2084e+01,668.10,0.2
205,1,0.0762,2.2498e+02,8.6451e+01,3.02,8.6233e+01,30213.49,4.2636e+01,675.18,0.2
206,1,0.0707,2.2448e+02,8.1171e+01,2.82,8.6121e+01,30891.74,4.2599e+01,672.23,0.2
207,1,0.0758,2.2649e+02,8.8201e+01,2.99,8.4548e+01,30603.47,4.1881e+01,664.40,0.2
208,1,0.0668,2.2407e+02,8.1429e+01,2.95,8.5859e+01,30461.76,4.2474e+01,671.47,0.2
209,1,0.0679,2.2498e+02,8.4025e+01,2.98,8.5754e+01,30348.64,4.2414e+01,671.29,0.2
210,1,0.0653,2.2411e+02,7.8021e+01,2.79,8.5452e+01,30751.29,4.2302e+01,669.78,0.2
211,1,0.0613,2.2292e+02,7.6881e+01,2.82,8.5613e+01,30511.69,4.2363e+01,670.98,0.2
212,1,0.0625,2.2340e+02,7.7774e+01,2.81,8.5326e+01,30556.00,4.2234e+01,670.21,0.2
213,1,0.0545,2.2373e+02,8.1396e+01,2.95,8.5605e+01,30228.53,4.2356e+01,669.64,0.2
214,1,0.0665,2.2314e+02,7.7115e+01,2.77,8.5138e+01,30535.49,4.2146e+01,668.69,0.2
215,1,0.0584,2.2245e+02,7.8542e+01,2.90,8.5967e+01,30592.48,4.2530e+01,672.75,0.2
216,1,0.0629,2.2750e+02,8.8717e+01,2.85,8.5052e+01,31084.92,4.2126e+01,668.26,0.2
217,1,0.0798,2.2261e+02,7.9595e+01,2.97,8.5544e+01,30164.57,4.2334e+01,670.98,0.2
218,1,0.0583,2.2242e+02,7.7237e+01,2.80,8.5900e+01,30619.86,4.2487e+01,672.74,0.2
219,1,0.0585,2.2241e+02,7.7230e+01,2.83,8.6069e+01,30839.95,4.2569e+01,673.39,0.2
220,1,0.0539,2.2266e+02,7.6045e+01,2.77,8.5143e+01,30456.96,4.2156e+01,668.23,0.2
221,1,0.0672,2.2224e+02,7.4564e+01,2.72,8.5616e+01,30598.14,4.2369e+01,671.69,0.2
222,1,0.0575,2.2324e+02,7.7935e+01,2.74,8.6193e+01,30725.20,4.2629e+01,673.79,0.2
223,1,0.0610,2.2185e+02,7.5565e+01,2.74,8.5620e+01,30668.96,4.2371e+01,670.98,0.2
224,1,0.0542,2.2213e+02,7.6402e+01,2.84,8.5452e+01,30385.22,4.2287e+01,669.13,0.2
225,1,0.0533,2.2189e+02,7.3775e+01,2.71,8.5664e+01,30691.75,4.2386e+01,671.15,0.2
226,1,0.0574,2.2234e+02,7.4902e+01,2.70,8.5393e+01,30762.09,4.2272e+01,669.94,0.2
227,1,0.0518,2.2169e+02,7.4336e+01,2.77,8.5513e+01,30471.68,4.2316e+01,671.05,0.2
228,1,0.0540,2.2144e+02,7.3844e+01,2.70,8.5736e+01,30676.31,4.2428e+01,672.00,0.2
229,1,0.0525,2.2157e+02,7.3423e+01,2.70,8.5442e+01,30574.28,4.2289e+01,670.49,0.2
230,1,0.0509,2.2153e+02,7.4052e+01,2.73,8.5746e+01,30578.54,4.2423e+01,672.20,0.2
231,1,0.0575,2.2245e+02,7.5071e+01,2.69,8.5601e+01,30818.34,4.2366e+01,672.34,0.2
232,1,0.0564,2.2122e+02,7.3146e+01,2.70,8.5751e+01,30526.64,4.2431e+01,672.00,0.2
233,1,0.0554,2.2158e+02,7.4925e+01,2.76,8.5564e+01,30378.70,4.2337e+01,670.75,0.2
234,1,0.0580,2.2154e+02,7.5093e+01,2.76,8.5124e+01,30405.35,4.2142e+01,668.39,0.2
235,1,0.0614,2.2164e+02,7.3776e+01,2.71,8.5634e+01,30556.87,4.2373e+01,670.28,0.2
236,1,0.0519,2.2168e+02,7.2756e+01,2.64,8.5851e+01,30812.53,4.2475e+01,671.83,0.2
237,1,0.0523,2.2108e+02,7.2642e+01,2.72,8.5483e+01,30502.77,4.2307e+01,670.33,0.2
238,1,0.0557,2.2127e+02,7.3332e+01,2.71,8.5325e+01,30506.15,4.2234e+01,669.92,0.2
239,1,0.0553,2.2195e+02,7.3718e+01,2.67,8.6026e+01,30681.61,4.2553e+01,672.72,0.2
240,1,0.0554,2.2130e+02,7.3482e+01,2.69,8.5303e+01,30562.06,4.2224e+01,669.88,0.2
241,1,0.0522,2.2098e+02,7.3365e+01,2.79,8.5393e+01,30375.02,4.2259e+01,670.40,0.2
242,1,0.0545,2.2089e+02,7.2148e+01,2.65,8.5662e+01,30761.75,4.2396e+01,670.98,0.2
243,1,0.0570,2.2214e+02,7.6894e+01,2.80,8.6266e+01,30632.89,4.2655e+01,675.50,0.2
244,1,0.0618,2.2198e+02,7.5653e+01,2.71,8.5638e+01,30921.19,4.2390e+01,671.87,0.2
245,1,0.0640,2.2108e+02,7.3815e+01,2.75,8.5587e+01,30418.61,4.2344e+01,671.68,0.2
246,1,0.0564,2.2080e+02,7.2050e+01,2.70,8.5646e+01,30527.11,4.2383e+01,671.80,0.2
247,1,0.0478,2.2086e+02,7.1838e+01,2.64,8.5641e+01,30692.71,4.2380e+01,672.08,0.2
248,1,0.0504,2.2109e+02,7.2231e+01,2.66,8.5801e+01,30564.15,4.2448e+01,672.12,0.2
249,1,0.0511,2.2071e+02,7.1280e+01,2.65,8.5682e+01,30589.58,4.2398e+01,671.41,0.2
250,1,0.0465,2.2072e+02,7.1417e+01,2.67,8.5531e+01,30538.55,4.2327e+01,670.83,0.2
251,1,0.0474,2.2074e+02,7.1982e+01,2.71,8.5487e+01,30444.66,4.2305e+01,670.46,0.2
252,1,0.0467,2.2063e+02,7.0789e+01,2.63,8.5624e+01,30640.20,4.2374e+01,671.33,0.2
253,1,0.0476,2.2086e+02,7.1519e+01,2.64,8.5736e+01,30597.73,4.2420e+01,671.87,0.2
254,1,0.0486,2.2078e+02,7.1347e+01,2.63,8.5562e+01,30681.67,4.2347e+01,671.29,0.2
255,1,0.0470,2.2079e+02,7.2369e+01,2.70,8.5837e+01,30544.95,4.2465e+01,672.71,0.2
256,1,0.0469,2.2055e+02,7.1001e+01,2.63,8.5620e+01,30655.72,4.2371e+01,671.42,0.2
257,1,0.0469,2.2056e+02,7.0752e+01,2.63,8.5792e+01,30702.34,4.2447e+01,672.59,0.2
258,1,0.0472,2.2085e+02,7.1998e+01,2.66,8.5603e+01,30686.62,4.2364e+01,672.22,0.2
259,1,0.0513,2.2065e+02,7.2153e+01,2.69,8.5831e+01,30533.05,4.2462e+01,672.81,0.2
260,1,0.0513,2.2179e+02,7.3458e+01,2.62,8.5406e+01,30724.35,4.2277e+01,671.31,0.2
261,1,0.0608,2.2106e+02,7.4067e+01,2.74,8.5810e+01,30349.66,4.2449e+01,672.64,0.2
262,1,0.0535,2.2143e+02,7.3369e+01,2.64,8.5325e+01,30590.47,4.2242e+01,670.35,0.2
263,1,0.0520,2.2060e+02,7.2426e+01,2.71,8.5750e+01,30466.12,4.2422e+01,672.43,0.2
264,1,0.0480,2.2058e+02,7.2072e+01,2.69,8.5410e+01,30538.49,4.2273e+01,670.82,0.2
265,1,0.0560,2.2095e+02,7.3154e+01,2.72,8.5760e+01,30440.40,4.2426e+01,671.93,0.2
266,1,0.0507,2.2153e+02,7.3326e+01,2.61,8.5253e+01,30669.11,4.2208e+01,669.82,0.2
267,1,0.0565,2.2043e+02,7.1240e+01,2.66,8.5750e+01,30538.00,4.2424e+01,672.65,0.2
268,1,0.0471,2.2053e+02,7.1377e+01,2.65,8.5637e+01,30674.56,4.2382e+01,672.22,0.2
269,1,0.0488,2.2025e+02,7.0719e+01,2.66,8.5757e+01,30536.84,4.2431e+01,672.50,0.2
270,1,0.0472,2.2026e+02,7.0802e+01,2.66,8.5725e+01,30520.08,4.2416e+01,672.11,0.2
271,1,0.0459,2.2021e+02,7.0123e+01,2.62,8.5873e+01,30738.33,4.2487e+01,673.00,0.2
272,1,0.0460,2.2028e+02,7.0145e+01,2.63,8.5640e+01,30587.83,4.2377e+01,671.42,0.2
273,1,0.0454,2.2022e+02,6.9889e+01,2.61,8.5755e+01,30717.37,4.2432e+01,672.27,0.2
274,1,0.0460,2.2022e+02,7.0087e+01,2.63,8.5707e+01,30621.21,4.2408e+01,672.05,0.2
275,1,0.0455,2.2018e+02,7.0073e+01,2.64,8.5685e+01,30617.88,4.2399e+01,671.93,0.2
276,1,0.0463,2.2020e+02,7.0158e+01,2.64,8.5657e+01,30587.15,4.2385e+01,671.75,0.2
277,1,0.0452,2.2023e+02,7.0195e+01,2.64,8.5726e+01,30606.19,4.2416e+01,672.11,0.2
278,1,0.0450,2.2018e+02,6.9816e+01,2.61,8.5749e+01,30700.93,4.2430e+01,672.25,0.2
279,1,0.0455,2.2017e+02,6.9889e+01,2.62,8.5669e+01,30615.55,4.2392e+01,671.73,0.2
280,1,0.0451,2.2019e+02,7.0122e+01,2.64,8.5644e+01,30568.64,4.2379e+01,671.54,0.2
281,1,0.0449,2.2017e+02,6.9974e+01,2.63,8.5738e+01,30632.57,4.2423e+01,672.09,0.2
282,1,0.0446,2.2013e+02,6.9995e+01,2.63,8.5659e+01,30627.68,4.2387e+01,671.79,0.2
283,1,0.0454,2.2017e+02,7.0224e+01,2.65,8.5662e+01,30571.09,4.2386e+01,671.80,0.2
284,1,0.0452,2.2012e+02,6.9841e+01,2.63,8.5742e+01,30667.78,4.2426e+01,672.33,0.2
285,1,0.0452,2.2013e+02,6.9950e+01,2.64,8.5586e+01,30564.71,4.2352e+01,671.29,0.2
286,1,0.0466,2.2015e+02,6.9762e+01,2.62,8.5717e+01,30629.44,4.2414e+01,671.95,0.2
287,1,0.0464,2.2008e+02,6.9805e+01,2.62,8.5797e+01,30732.44,4.2452e+01,672.76,0.2
288,1,0.0447,2.2013e+02,7.0326e+01,2.66,8.5601e+01,30504.00,4.2357e+01,671.44,0.2
289,1,0.0446,2.2004e+02,6.9678e+01,2.62,8.5699e+01,30650.78,4.2407e+01,672.07,0.2
290,1,0.0453,2.2002e+02,6.9656e+01,2.62,8.5731e+01,30649.55,4.2421e+01,672.29,0.2
291,1,0.0447,2.2006e+02,6.9888e+01,2.63,8.5752e+01,30611.69,4.2428e+01,672.42,0.2
292,1,0.0446,2.2002e+02,6.9772e+01,2.63,8.5629e+01,30600.17,4.2374e+01,671.61,0.2
293,1,0.0453,2.2004e+02,6.9754e+01,2.63,8.5672e+01,30593.31,4.2392e+01,671.84,0.2
294,1,0.0445,2.2000e+02,6.9689e+01,2.63,8.5685e+01,30622.27,4.2399e+01,672.02,0.2
295,1,0.0445,2.1999e+02,6.9688e+01,2.63,8.5634e+01,30587.83,4.2375e+01,671.67,0.2
296,1,0.0448,2.1997e+02,6.9531e+01,2.62,8.5755e+01,30676.94,4.2431e+01,672.49,0.2
297,1,0.0449,2.1998e+02,6.9542e+01,2.62,8.5707e+01,30625.86,4.2409e+01,672.06,0.2
298,1,0.0443,2.1997e+02,6.9745e+01,2.64,8.5659e+01,30568.34,4.2385e+01,671.90,0.2
299,1,0.0449,2.1993e+02,6.9630e+01,2.62,8.5669e+01,30637.35,4.2393e+01,672.04,0.2
300,1,0.0453,2.1989e+02,6.9574e+01,2.63,8.5685e+01,30608.34,4.2399e+01,672.18,0.2
301,1,0.0447,2.1988e+02,6.9619e+01,2.64,8.5720e+01,30594.23,4.2413e+01,672.44,0.2
302,1,0.0459,2.1987e+02,6.9486e+01,2.63,8.5721e+01,30594.05,4.2414e+01,672.40,0.2
303,1,0.0441,2.1993e+02,6.9372e+01,2.61,8.5781e+01,30616.32,4.2442e+01,672.47,0.2
304,1,0.0454,2.1991e+02,6.9569e+01,2.60,8.5667e+01,30694.80,4.2394e+01,672.09,0.2
305,1,0.0467,2.1991e+02,6.9415e+01,2.62,8.5792e+01,30638.12,4.2447e+01,672.70,0.2
306,1,0.0446,2.1984e+02,6.9399e+01,2.63,8.5595e+01,30565.93,4.2357e+01,671.53,0.2
307,1,0.0454,2.1986e+02,6.9498e+01,2.62,8.5648e+01,30628.70,4.2382e+01,672.23,0.2
308,1,0.0443,2.1982e+02,6.9643e+01,2.65,8.5654e+01,30517.39,4.2382e+01,672.14,0.2
309,1,0.0446,2.1975e+02,6.9206e+01,2.62,8.5630e+01,30553.65,4.2373e+01,671.84,0.2
310,1,0.0443,2.1973e+02,6.8966e+01,2.60,8.5747e+01,30625.29,4.2428e+01,672.44,0.2
311,1,0.0447,2.1979e+02,6.9108e+01,2.61,8.5902e+01,30707.28,4.2498e+01,673.33,0.2
312,1,0.0469,2.1973e+02,6.9644e+01,2.64,8.5565e+01,30534.72,4.2342e+01,671.73,0.2
313,1,0.0446,2.1983e+02,6.9892e+01,2.66,8.5705e+01,30499.77,4.2404e+01,672.16,0.2
314,1,0.0443,2.1970e+02,6.8824e+01,2.60,8.5824e+01,30709.79,4.2465e+01,672.83,0.2
315,1,0.0441,2.1972e+02,6.8744e+01,2.59,8.5755e+01,30669.63,4.2432e+01,672.40,0.2
316,1,0.0446,2.1970e+02,6.9240e+01,2.63,8.5579e+01,30537.39,4.2349e+01,671.41,0.2
317,1,0.0440,2.1976e+02,6.9118e+01,2.62,8.5829e+01,30653.10,4.2464e+01,672.93,0.2
318,1,0.0443,2.1967e+02,6.9214e+01,2.62,8.5657e+01,30623.83,4.2386e+01,672.11,0.2
319,1,0.0452,2.1971e+02,6.9202e+01,2.63,8.5825e+01,30636.47,4.2461e+01,672.99,0.2
320,1,0.0440,2.1967e+02,6.8944e+01,2.61,8.5606e+01,30602.41,4.2363e+01,671.76,0.2
321,1,0.0445,2.1964e+02,6.8816e+01,2.61,8.5680e+01,30609.62,4.2396e+01,672.19,0.2
322,1,0.0443,2.1960e+02,6.8833e+01,2.61,8.5748e+01,30627.73,4.2427e+01,672.77,0.2
323,1,0.0453,2.1965e+02,6.8719e+01,2.60,8.5865e+01,30667.01,4.2481e+01,673.12,0.2
324,1,0.0462,2.1960e+02,6.8832e+01,2.61,8.5613e+01,30578.49,4.2366e+01,671.85,0.2
325,1,0.0454,2.1963e+02,6.9073e+01,2.63,8.5676e+01,30529.60,4.2392e+01,672.10,0.2
326,1,0.0438,2.1955e+02,6.8785e+01,2.62,8.5723e+01,30609.78,4.2416e+01,672.48,0.2
327,1,0.0439,2.1960e+02,6.8929e+01,2.62,8.5859e+01,30633.02,4.2478e+01,673.22,0.2
328,1,0.0439,2.1954e+02,6.8564e+01,2.60,8.5751e+01,30637.46,4.2429e+01,672.60,0.2
329,1,0.0433,2.1954e+02,6.8659e+01,2.61,8.5700e+01,30597.95,4.2404e+01,672.33,0.2
330,1,0.0432,2.1952e+02,6.8615e+01,2.61,8.5720e+01,30627.72,4.2414e+01,672.49,0.2
331,1,0.0432,2.1952e+02,6.8647e+01,2.61,8.5724e+01,30612.50,4.2416e+01,672.46,0.2
332,1,0.0433,2.1951e+02,6.8612e+01,2.61,8.5745e+01,30632.40,4.2426e+01,672.64,0.2
333,1,0.0436,2.1954e+02,6.8619e+01,2.61,8.5766e+01,30607.61,4.2435e+01,672.62,0.2
334,1,0.0432,2.1949e+02,6.8702e+01,2.62,8.5643e+01,30580.05,4.2379e+01,672.02,0.2
335,1,0.0433,2.1949e+02,6.8572e+01,2.61,8.5786e+01,30653.90,4.2445e+01,672.92,0.2
336,1,0.0435,2.1950e+02,6.8736e+01,2.62,8.5658e+01,30551.84,4.2385e+01,672.03,0.2
337,1,0.0430,2.1948e+02,6.8503e+01,2.61,8.5738e+01,30625.63,4.2423e+01,672.59,0.2
338,1,0.0431,2.1948e+02,6.8519e+01,2.61,8.5729e+01,30611.57,4.2418e+01,672.48,0.2
339,1,0.0434,2.1946e+02,6.8540e+01,2.61,8.5706e+01,30609.44,4.2408e+01,672.45,0.2
340,1,0.0429,2.1949e+02,6.8545e+01,2.61,8.5740e+01,30597.88,4.2423e+01,672.57,0.2
341,1,0.0433,2.1947e+02,6.8461e+01,2.61,8.5763e+01,30625.20,4.2434e+01,672.73,0.2
342,1,0.0431,2.1945e+02,6.8491e+01,2.61,8.5696e+01,30611.15,4.2403e+01,672.39,0.2
343,1,0.0432,2.1946e+02,6.8503e+01,2.61,8.5712e+01,30594.09,4.2410e+01,672.43,0.2
344,1,0.0429,2.1946e+02,6.8429e+01,2.61,8.5757e+01,30624.51,4.2431e+01,672.71,0.2
345,1,0.0430,2.1945e+02,6.8445e+01,2.61,8.5727e+01,30608.53,4.2417e+01,672.50,0.2
346,1,0.0429,2.1945e+02,6.8446e+01,2.61,8.5722e+01,30598.35,4.2415e+01,672.45,0.2
347,1,0.0430,2.1945e+02,6.8394e+01,2.60,8.5764e+01,30629.03,4.2434e+01,672.73,0.2
348,1,0.0429,2.1943e+02,6.8458e+01,2.61,8.5699e+01,30588.87,4.2405e+01,672.34,0.2
349,1,0.0431,2.1943e+02,6.8397e+01,2.61,8.5762e+01,30618.21,4.2433e+01,672.70,0.2
350,1,0.0428,2.1942e+02,6.8386e+01,2.60,8.5717e+01,30615.27,4.2413e+01,672.51,0.2
351,1,0.0431,2.1942e+02,6.8421e+01,2.61,8.5704e+01,30595.72,4.2407e+01,672.40,0.2
352,1,0.0429,2.1942e+02,6.8385e+01,2.61,8.5729e+01,30616.15,4.2419e+01,672.58,0.2
353,1,0.0429,2.1942e+02,6.8384e+01,2.61,8.5748e+01,30615.54,4.2427e+01,672.67,0.2
354,1,0.0428,2.1942e+02,6.8395e+01,2.61,8.5725e+01,30603.50,4.2416e+01,672.53,0.2
355,1,0.0429,2.1942e+02,6.8373e+01,2.61,8.5745e+01,30616.28,4.2426e+01,672.65,0.2
356,1,0.0428,2.1941e+02,6.8420e+01,2.61,8.5707e+01,30595.21,4.2408e+01,672.44,0.2
357,1,0.0428,2.1941e+02,6.8406e+01,2.61,8.5724e+01,30600.08,4.2416e+01,672.55,0.2
358,1,0.0428,2.1941e+02,6.8360e+01,2.61,8.5743e+01,30614.59,4.2425e+01,672.66,0.2
359,1,0.0428,2.1941e+02,6.8387e+01,2.61,8.5733e+01,30599.81,4.2420e+01,672.58,0.2
360,1,0.0430,2.1940e+02,6.8377e+01,2.61,8.5717e+01,30601.15,4.2413e+01,672.52,0.2
361,2,nan,1.6174e+02,6.8377e+01,2.61,4.2876e+01,2531.45,8.2390e+00,136.12,0.2
362,2,nan,1.5919e+02,6.8377e+01,2.61,3.9182e+01,382.26,1.3193e+01,139.22,0.2
363,2,nan,1.5927e+02,6.8377e+01,2.61,3.8735e+01,307.46,1.0421e+01,131.62,0.2
364,2,nan,1.5784e+02,6.8377e+01,2.61,3.8895e+01,443.14,8.0231e+00,82.81,0.2
365,2,nan,1.5599e+02,6.8377e+01,2.61,3.8494e+01,203.73,9.4593e+00,97.17,0.2
366,2,nan,1.5406e+02,6.8377e+01,2.61,3.8787e+01,201.79,1.0905e+01,137.21,0.2
367,2,nan,1.5283e+02,6.8377e+01,2.61,3.9889e+01,706.02,1.0691e+01,124.82,0.2
368,2,nan,1.5247e+02,6.8377e+01,2.61,3.8743e+01,497.31,9.2673e+00,101.13,0.2
369,2,nan,1.5188e+02,6.8377e+01,2.61,3.8707e+01,447.24,9.6042e+00,102.28,0.2
370,2,nan,1.5155e+02,6.8377e+01,2.61,3.8861e+01,397.73,8.6499e+00,88.80,0.2
371,2,nan,1.5161e+02,6.8377e+01,2.61,3.8551e+01,175.97,1.0138e+01,117.94,0.2
372,2,nan,1.5144e+02,6.8377e+01,2.61,3.8820e+01,185.45,9.6736e+00,102.91,0.2
373,2,nan,1.5138e+02,6.8377e+01,2.61,3.8976e+01,125.90,9.2258e+00,95.87,0.2
374,2,nan,1.5137e+02,6.8377e+01,2.61,3.9110e+01,216.54,9.3721e+00,97.56,0.2
375,2,nan,1.5138e+02,6.8377e+01,2.61,3.8829e+01,114.24,9.4891e+00,100.60,0.2
376,2,nan,1.5130e+02,6.8377e+01,2.61,3.8793e+01,209.34,9.3360e+00,96.53,0.2
377,2,nan,1.5127e+02,6.8377e+01,2.61,3.8618e+01,309.50,9.5098e+00,100.55,0.2
378,2,nan,1.5138e+02,6.8377e+01,2.61,3.8995e+01,212.95,9.2749e+00,96.16,0.2
379,2,nan,1.5163e+02,6.8377e+01,2.61,3.9109e+01,193.70,9.6906e+00,104.64,0.2
380,2,nan,1.5168e+02,6.8377e+01,2.61,3.8846e+01,232.57,9.7709e+00,106.53,0.2
381,2,nan,1.5158e+02,6.8377e+01,2.61,3.8881e+01,286.48,9.6592e+00,102.54,0.2
382,2,nan,1.5162e+02,6.8377e+01,2.61,3.9020e+01,237.78,9.6236e+00,103.31,0.2
383,2,nan,1.5155e+02,6.8377e+01,2.61,3.8871e+01,216.77,9.3699e+00,97.95,0.2
384,2,nan,1.5150e+02,6.8377e+01,2.61,3.8853e+01,174.67,9.2444e+00,95.36,0.2
385,2,nan,1.5141e+02,6.8377e+01,2.61,3.8941e+01,149.40,9.4901e+00,100.01,0.2
386,2,nan,1.5138e+02,6.8377e+01,2.61,3.8774e+01,261.32,9.3756e+00,97.41,0.2
387,2,nan,1.5135e+02,6.8377e+01,2.61,3.8829e+01,213.62,9.3966e+00,98.52,0.2
388,2,nan,1.5136e+02,6.8377e+01,2.61,3.8887e+01,160.70,9.4524e+00,99.55,0.2
389,2,nan,1.5134e+02,6.8377e+01,2.61,3.8762e+01,240.50,9.3942e+00,98.39,0.2
390,2,nan,1.5133e+02,6.8377e+01,2.61,3.8792e+01,180.64,9.4469e+00,98.79,0.2
391,2,nan,1.5138e+02,6.8377e+01,2.61,3.8906e+01,220.51,9.3371e+00,97.02,0.2
392,2,nan,1.5140e+02,6.8377e+01,2.61,3.8884e+01,154.63,9.4219e+00,98.82,0.2
393,2,nan,1.5143e+02,6.8377e+01,2.61,3.8842e+01,171.80,9.4511e+00,99.29,0.2
394,2,nan,1.5144e+02,6.8377e+01,2.61,3.8828e+01,173.49,9.4000e+00,98.37,0.2
395,2,nan,1.5141e+02,6.8377e+01,2.61,3.8799e+01,169.70,9.3798e+00,97.83,0.2
396,2,nan,1.5139e+02,6.8377e+01,2.61,3.8865e+01,162.57,9.3780e+00,98.12,0.2
397,2,nan,1.5136e+02,6.8377e+01,2.61,3.8841e+01,167.77,9.4494e+00,99.50,0.2
398,2,nan,1.5133e+02,6.8377e+01,2.61,3.8900e+01,172.56,9.4963e+00,100.45,0.2
399,2,nan,1.5136e+02,6.8377e+01,2.61,3.8855e+01,173.33,9.4068e+00,98.27,0.2
400,2,nan,1.5133e+02,6.8377e+01,2.61,3.8792e+01,168.91,9.4085e+00,98.63,0.2
401,2,nan,1.5132e+02,6.8377e+01,2.61,3.8845e+01,166.97,9.4165e+00,98.65,0.2
402,2,nan,1.5130e+02,6.8377e+01,2.61,3.8862e+01,168.12,9.4462e+00,99.31,0.2
403,2,nan,1.5132e+02,6.8377e+01,2.61,3.8910e+01,149.74,9.4474e+00,99.32,0.2
404,2,nan,1.5131e+02,6.8377e+01,2.61,3.8820e+01,231.81,9.3527e+00,97.77,0.2
405,2,nan,1.5129e+02,6.8377e+01,2.61,3.8848e+01,125.11,9.4540e+00,99.38,0.2
406,2,nan,1.5127e+02,6.8377e+01,2.61,3.8885e+01,173.43,9.4613e+00,99.64,0.2
407,2,nan,1.5126e+02,6.8377e+01,2.61,3.8832e+01,140.40,9.4293e+00,98.78,0.2
408,2,nan,1.5126e+02,6.8377e+01,2.61,3.8840e+01,157.66,9.4347e+00,99.22,0.2
409,2,nan,1.5125e+02,6.8377e+01,2.61,3.8888e+01,112.29,9.4303e+00,99.11,0.2
410,2,nan,1.5124e+02,6.8377e+01,2.61,3.8820e+01,193.23,9.4027e+00,98.57,0.2
411,2,nan,1.5128e+02,6.8377e+01,2.61,3.8908e+01,126.83,9.4563e+00,99.65,0.2
412,2,nan,1.5126e+02,6.8377e+01,2.61,3.8864e+01,154.81,9.4270e+00,98.90,0.2
413,2,nan,1.5124e+02,6.8377e+01,2.61,3.8822e+01,122.13,9.4234e+00,98.94,0.2
414,2,nan,1.5126e+02,6.8377e+01,2.61,3.8950e+01,123.50,9.4406e+00,99.44,0.2
415,2,nan,1.5122e+02,6.8377e+01,2.61,3.8889e+01,151.97,9.4892e+00,100.06,0.2
416,2,nan,1.5123e+02,6.8377e+01,2.61,3.8881e+01,155.45,9.4496e+00,99.56,0.2
417,2,nan,1.5123e+02,6.8377e+01,2.61,3.8888e+01,125.37,9.4174e+00,99.03,0.2
418,2,nan,1.5122e+02,6.8377e+01,2.61,3.8869e+01,132.47,9.4163e+00,98.70,0.2
419,2,nan,1.5120e+02,6.8377e+01,2.61,3.8853e+01,155.39,9.4281e+00,98.86,0.2
420,2,nan,1.5120e+02,6.8377e+01,2.61,3.8848e+01,173.69,9.4195e+00,98.73,0.2
421,2,nan,1.5121e+02,6.8377e+01,2.61,3.8880e+01,130.59,9.4422e+00,99.37,0.2
422,2,nan,1.5122e+02,6.8377e+01,2.61,3.8883e+01,117.70,9.4381e+00,99.20,0.2
423,2,nan,1.5123e+02,6.8377e+01,2.61,3.8884e+01,141.44,9.4430e+00,99.30,0.2
424,2,nan,1.5124e+02,6.8377e+01,2.61,3.8874e+01,142.29,9.4251e+00,99.08,0.2
425,2,nan,1.5125e+02,6.8377e+01,2.61,3.8886e+01,146.14,9.4298e+00,99.16,0.2
426,2,nan,1.5122e+02,6.8377e+01,2.61,3.8871e+01,130.94,9.4446e+00,99.32,0.2
427,2,nan,1.5122e+02,6.8377e+01,2.61,3.8874e+01,143.39,9.4402e+00,99.30,0.2
428,2,nan,1.5121e+02,6.8377e+01,2.61,3.8871e+01,141.29,9.4245e+00,99.07,0.2
429,2,nan,1.5120e+02,6.8377e+01,2.61,3.8856e+01,156.43,9.4291e+00,99.11,0.2
430,2,nan,1.5120e+02,6.8377e+01,2.61,3.8888e+01,143.32,9.4571e+00,99.54,0.2
431,2,nan,1.5120e+02,6.8377e+01,2.61,3.8873e+01,154.90,9.4450e+00,99.37,0.2
432,2,nan,1.5120e+02,6.8377e+01,2.61,3.8856e+01,159.86,9.4316e+00,99.06,0.2
433,2,nan,1.5120e+02,6.8377e+01,2.61,3.8873e+01,140.43,9.4358e+00,99.17,0.2
434,2,nan,1.5120e+02,6.8377e+01,2.61,3.8872e+01,154.08,9.4326e+00,99.17,0.2
435,2,nan,1.5121e+02,6.8377e+01,2.61,3.8887e+01,118.45,9.4363e+00,99.31,0.2
436,2,nan,1.5120e+02,6.8377e+01,2.61,3.8870e+01,160.02,9.4226e+00,98.96,0.2
437,2,nan,1.5121e+02,6.8377e+01,2.61,3.8884e+01,139.34,9.4476e+00,99.48,0.2
438,2,nan,1.5120e+02,6.8377e+01,2.61,3.8864e+01,146.76,9.4311e+00,99.03,0.2
439,2,nan,1.5120e+02,6.8377e+01,2.61,3.8859e+01,143.82,9.4392e+00,99.12,0.2
440,2,nan,1.5120e+02,6.8377e+01,2.61,3.8872e+01,147.94,9.4268e+00,99.08,0.2
441,2,nan,1.5120e+02,6.8377e+01,2.61,3.8891e+01,148.41,9.4257e+00,99.09,0.2
442,2,nan,1.5120e+02,6.8377e+01,2.61,3.8872e+01,155.60,9.4351e+00,99.23,0.2
443,2,nan,1.5119e+02,6.8377e+01,2.61,3.8852e+01,148.32,9.4287e+00,99.06,0.2
444,2,nan,1.5120e+02,6.8377e+01,2.61,3.8867e+01,133.53,9.4367e+00,99.24,0.2
445,2,nan,1.5119e+02,6.8377e+01,2.61,3.8855e+01,145.49,9.4220e+00,98.99,0.2
446,2,nan,1.5120e+02,6.8377e+01,2.61,3.8873e+01,136.21,9.4305e+00,99.25,0.2
447,2,nan,1.5119e+02,6.8377e+01,2.61,3.8858e+01,150.39,9.4229e+00,99.08,0.2
448,2,nan,1.5118e+02,6.8377e+01,2.61,3.8851e+01,151.52,9.4196e+00,98.90,0.2
449,2,nan,1.5119e+02,6.8377e+01,2.61,3.8876e+01,140.32,9.4434e+00,99.35,0.2
450,2,nan,1.5118e+02,6.8377e+01,2.61,3.8884e+01,148.60,9.4276e+00,98.99,0.2
451,2,nan,1.5118e+02,6.8377e+01,2.61,3.8882e+01,144.61,9.4408e+00,99.29,0.2
452,2,nan,1.5118e+02,6.8377e+01,2.61,3.8857e+01,164.94,9.4153e+00,98.85,0.2
453,2,nan,1.5118e+02,6.8377e+01,2.61,3.8891e+01,138.60,9.4279e+00,99.11,0.2
454,2,nan,1.5118e+02,6.8377e+01,2.61,3.8874e+01,145.44,9.4335e+00,99.19,0.2
455,2,nan,1.5118e+02,6.8377e+01,2.61,3.8868e+01,140.89,9.4384e+00,99.30,0.2
456,2,nan,1.5118e+02,6.8377e+01,2.61,3.8866e+01,138.91,9.4332e+00,99.19,0.2
457,2,nan,1.5117e+02,6.8377e+01,2.61,3.8848e+01,158.54,9.4223e+00,98.93,0.2
458,2,nan,1.5118e+02,6.8377e+01,2.61,3.8880e+01,142.78,9.4398e+00,99.28,0.2
459,2,nan,1.5118e+02,6.8377e+01,2.61,3.8866e+01,159.17,9.4252e+00,99.02,0.2
460,2,nan,1.5118e+02,6.8377e+01,2.61,3.8881e+01,148.24,9.4344e+00,99.24,0.2
461,2,nan,1.5118e+02,6.8377e+01,2.61,3.8890e+01,144.59,9.4333e+00,99.24,0.2
462,2,nan,1.5118e+02,6.8377e+01,2.61,3.8890e+01,142.77,9.4231e+00,99.00,0.2
463,2,nan,1.5117e+02,6.8377e+01,2.61,3.8868e+01,158.57,9.4271e+00,99.03,0.2
464,2,nan,1.5118e+02,6.8377e+01,2.61,3.8877e+01,150.72,9.4368e+00,99.20,0.2
465,2,nan,1.5117e+02,6.8377e+01,2.61,3.8874e+01,154.05,9.4294e+00,99.04,0.2
466,2,nan,1.5117e+02,6.8377e+01,2.61,3.8877e+01,148.24,9.4296e+00,99.07,0.2
467,2,nan,1.5118e+02,6.8377e+01,2.61,3.8883e+01,133.47,9.4396e+00,99.32,0.2
468,2,nan,1.5117e+02,6.8377e+01,2.61,3.8863e+01,143.87,9.4285e+00,99.12,0.2
469,2,nan,1.5117e+02,6.8377e+01,2.61,3.8871e+01,142.79,9.4235e+00,99.01,0.2
470,2,nan,1.5117e+02,6.8377e+01,2.61,3.8870e+01,150.09,9.4259e+00,99.04,0.2
471,2,nan,1.5117e+02,6.8377e+01,2.61,3.8872e+01,147.51,9.4305e+00,99.14,0.2
472,2,nan,1.5117e+02,6.8377e+01,2.61,3.8867e+01,146.63,9.4343e+00,99.21,0.2
473,2,nan,1.5117e+02,6.8377e+01,2.61,3.8864e+01,147.41,9.4310e+00,99.12,0.2
474,2,nan,1.5117e+02,6.8377e+01,2.61,3.8869e+01,143.16,9.4280e+00,99.06,0.2
475,2,nan,1.5117e+02,6.8377e+01,2.61,3.8868e+01,145.14,9.4283e+00,99.06,0.2
476,2,nan,1.5117e+02,6.8377e+01,2.61,3.8869e+01,146.76,9.4325e+00,99.15,0.2
477,2,nan,1.5117e+02,6.8377e+01,2.61,3.8869e+01,149.23,9.4281e+00,99.04,0.2
478,2,nan,1.5117e+02,6.8377e+01,2.61,3.8874e+01,147.66,9.4314e+00,99.12,0.2
479,2,nan,1.5117e+02,6.8377e+01,2.61,3.8876e+01,146.28,9.4326e+00,99.16,0.2
480,2,nan,1.5117e+02,6.8377e+01,2.61,3.8872e+01,148.98,9.4309e+00,99.13,0.2
481,2,nan,1.5117e+02,6.8377e+01,2.61,3.8871e+01,148.03,9.4310e+00,99.11,0.2
482,2,nan,1.5117e+02,6.8377e+01,2.61,3.8869e+01,149.31,9.4312e+00,99.10,0.2
483,2,nan,1.5117e+02,6.8377e+01,2.61,3.8869e+01,150.05,9.4327e+00,99.14,0.2
484,2,nan,1.5117e+02,6.8377e+01,2.61,3.8873e+01,146.37,9.4330e+00,99.14,0.2
485,2,nan,1.5117e+02,6.8377e+01,2.61,3.8872e+01,145.95,9.4318e+00,99.12,0.2
486,2,nan,1.5117e+02,6.8377e+01,2.61,3.8868e+01,149.08,9.4299e+00,99.08,0.2
487,2,nan,1.5117e+02,6.8377e+01,2.61,3.8867e+01,147.72,9.4315e+00,99.12,0.2
488,2,nan,1.5117e+02,6.8377e+01,2.61,3.8868e+01,144.84,9.4335e+00,99.17,0.2
489,2,nan,1.5117e+02,6.8377e+01,2.61,3.8868e+01,144.16,9.4323e+00,99.14,0.2
490,2,nan,1.5117e+02,6.8377e+01,2.61,3.8871e+01,143.92,9.4313e+00,99.12,0.2
491,2,nan,1.5117e+02,6.8377e+01,2.61,3.8873e+01,144.75,9.4319e+00,99.14,0.2
492,2,nan,1.5117e+02,6.8377e+01,2.61,3.8868e+01,149.36,9.4300e+00,99.10,0.2
493,2,nan,1.5117e+02,6.8377e+01,2.61,3.8868e+01,149.34,9.4307e+00,99.12,0.2
494,2,nan,1.5117e+02,6.8377e+01,2.61,3.8867e+01,150.40,9.4306e+00,99.12,0.2
495,2,nan,1.5117e+02,6.8377e+01,2.61,3.8868e+01,149.83,9.4316e+00,99.14,0.2
496,2,nan,1.5117e+02,6.8377e+01,2.61,3.8869e+01,148.71,9.4326e+00,99.16,0.2
497,2,nan,1.5117e+02,6.8377e+01,2.61,3.8870e+01,147.99,9.4330e+00,99.16,0.2
498,2,nan,1.5117e+02,6.8377e+01,2.61,3.8871e+01,146.76,9.4333e+00,99.17,0.2
499,2,nan,1.5117e+02,6.8377e+01,2.61,3.8871e+01,146.42,9.4334e+00,99.17,0.2
500,2,nan,1.5117e+02,6.8377e+01,2.61,3.8873e+01,146.09,9.4338e+00,99.18,0.2
501,2,nan,1.5117e+02,6.8377e+01,2.61,3.8875e+01,144.62,9.4342e+00,99.19,0.2
502,2,nan,1.5117e+02,6.8377e+01,2.61,3.8874e+01,144.78,9.4324e+00,99.14,0.2
503,2,nan,1.5117e+02,6.8377e+01,2.61,3.8873e+01,144.83,9.4320e+00,99.12,0.2
504,2,nan,1.5117e+02,6.8377e+01,2.61,3.8872e+01,145.20,9.4322e+00,99.13,0.2
505,2,nan,1.5117e+02,6.8377e+01,2.61,3.8872e+01,144.69,9.4327e+00,99.14,0.2
506,2,nan,1.5117e+02,6.8377e+01,2.61,3.8872e+01,144.29,9.4327e+00,99.14,0.2
507,2,nan,1.5117e+02,6.8377e+01,2.61,3.8872e+01,144.79,9.4328e+00,99.14,0.2
508,2,nan,1.5117e+02,6.8377e+01,2.61,3.8871e+01,145.32,9.4331e+00,99.15,0.2
509,2,nan,1.5117e+02,6.8377e+01,2.61,3.8870e+01,146.44,9.4326e+00,99.14,0.2
510,2,nan,1.5117e+02,6.8377e+01,2.61,3.8869e+01,147.17,9.4323e+00,99.14,0.2
511,2,nan,1.5117e+02,6.8377e+01,2.61,3.8869e+01,147.47,9.4331e+00,99.15,0.2
512,2,nan,1.5117e+02,6.8377e+01,2.61,3.8869e+01,147.46,9.4327e+00,99.15,0.2
513,2,nan,1.5117e+02,6.8377e+01,2.61,3.8868e+01,148.13,9.4320e+00,99.13,0.2
514,2,nan,1.5117e+02,6.8377e+01,2.61,3.8867e+01,148.57,9.4317e+00,99.13,0.2
515,2,nan,1.5117e+02,6.8377e+01,2.61,3.8867e+01,148.49,9.4320e+00,99.13,0.2
516,2,nan,1.5117e+02,6.8377e+01,2.61,3.8867e+01,148.44,9.4321e+00,99.14,0.2
517,2,nan,1.5117e+02,6.8377e+01,2.61,3.8867e+01,147.91,9.4320e+00,99.13,0.2
518,2,nan,1.5117e+02,6.8377e+01,2.61,3.8867e+01,147.67,9.4318e+00,99.13,0.2
519,2,nan,1.5117e+02,6.8377e+01,2.61,3.8868e+01,147.61,9.4321e+00,99.14,0.2
520,2,nan,1.5117e+02,6.8377e+01,2.61,3.8868e+01,147.31,9.4319e+00,99.13,0.2
521,2,nan,1.5117e+02,6.8377e+01,2.61,3.8868e+01,147.36,9.4317e+00,99.13,0.2
522,2,nan,1.5117e+02,6.8377e+01,2.61,3.8867e+01,147.57,9.4317e+00,99.13,0.2
523,2,nan,1.5117e+02,6.8377e+01,2.61,3.8868e+01,147.33,9.4318e+00,99.13,0.2
524,2,nan,1.5117e+02,6.8377e+01,2.61,3.8869e+01,146.63,9.4319e+00,99.13,0.2
525,2,nan,1.5117e+02,6.8377e+01,2.61,3.8869e+01,146.53,9.4318e+00,99.13,0.2
526,2,nan,1.5117e+02,6.8377e+01,2.61,3.8869e+01,146.47,9.4320e+00,99.13,0.2
527,2,nan,1.5117e+02,6.8377e+01,2.61,3.8869e+01,146.42,9.4322e+00,99.14,0.2
528,2,nan,1.5117e+02,6.8377e+01,2.61,3.8869e+01,146.38,9.4326e+00,99.15,0.2
529,2,nan,1.5117e+02,6.8377e+01,2.61,3.8869e+01,146.48,9.4326e+00,99.15,0.2
530,2,nan,1.5117e+02,6.8377e+01,2.61,3.8869e+01,146.57,9.4326e+00,99.14,0.2
531,2,nan,1.5117e+02,6.8377e+01,2.61,3.8869e+01,146.71,9.4324e+00,99.14,0.2
532,2,nan,1.5117e+02,6.8377e+01,2.61,3.8869e+01,146.66,9.4325e+00,99.14,0.2
533,2,nan,1.5117e+02,6.8377e+01,2.61,3.8869e+01,146.72,9.4324e+00,99.14,0.2
534,2,nan,1.5117e+02,6.8377e+01,2.61,3.8869e+01,146.62,9.4325e+00,99.14,0.2
535,2,nan,1.5117e+02,6.8377e+01,2.61,3.8869e+01,146.34,9.4326e+00,99.15,0.2
536,2,nan,1.5117e+02,6.8377e+01,2.61,3.8869e+01,146.35,9.4326e+00,99.15,0.2
537,2,nan,1.5117e+02,6.8377e+01,2.61,3.8869e+01,146.38,9.4326e+00,99.15,0.2
538,2,nan,1.5117e+02,6.8377e+01,2.61,3.8869e+01,146.44,9.4325e+00,99.14,0.2
539,2,nan,1.5117e+02,6.8377e+01,2.61,3.8869e+01,146.35,9.4326e+00,99.15,0.2
540,2,nan,1.5117e+02,6.8377e+01,2.61,3.8869e+01,146.28,9.4326e+00,99.15,0.2
541,2,nan,1.5117e+02,6.8377e+01,2.61,3.8869e+01,146.26,9.4325e+00,99.14,0.2
542,2,nan,1.5117e+02,6.8377e+01,2.61,3.8869e+01,146.34,9.4322e+00,99.14,0.2
543,2,nan,1.5117e+02,6.8377e+01,2.61,3.8869e+01,146.35,9.4321e+00,99.13,0.2
544,2,nan,1.5117e+02,6.8377e+01,2.61,3.8869e+01,146.33,9.4320e+00,99.13,0.2
545,2,nan,1.5117e+02,6.8377e+01,2.61,3.8869e+01,146.36,9.4320e+00,99.13,0.2
546,2,nan,1.5117e+02,6.8377e+01,2.61,3.8869e+01,146.29,9.4321e+00,99.14,0.2
547,2,nan,1.5117e+02,6.8377e+01,2.61,3.8869e+01,146.29,9.4320e+00,99.13,0.2
548,2,nan,1.5117e+02,6.8377e+01,2.61,3.8869e+01,146.41,9.4320e+00,99.13,0.2
549,2,nan,1.5117e+02,6.8377e+01,2.61,3.8869e+01,146.34,9.4321e+00,99.14,0.2
550,2,nan,1.5117e+02,6.8377e+01,2.61,3.8869e+01,146.27,9.4321e+00,99.14,0.2
551,2,nan,1.5117e+02,6.8377e+01,2.61,3.8869e+01,146.23,9.4322e+00,99.14,0.2
552,2,nan,1.5117e+02,6.8377e+01,2.61,3.8869e+01,146.14,9.4322e+00,99.14,0.2
553,2,nan,1.5117e+02,6.8377e+01,2.61,3.8869e+01,146.09,9.4322e+00,99.14,0.2
554,2,nan,1.5117e+02,6.8377e+01,2.61,3.8869e+01,145.95,9.4323e+00,99.14,0.2
555,2,nan,1.5117e+02,6.8377e+01,2.61,3.8869e+01,145.88,9.4324e+00,99.14,0.2
556,2,nan,1.5117e+02,6.8377e+01,2.61,3.8869e+01,145.69,9.4325e+00,99.15,0.2
557,2,nan,1.5117e+02,6.8377e+01,2.61,3.8870e+01,145.70,9.4325e+00,99.15,0.2
558,2,nan,1.5117e+02,6.8377e+01,2.61,3.8869e+01,145.79,9.4326e+00,99.15,0.2
559,2,nan,1.5117e+02,6.8377e+01,2.61,3.8869e+01,145.90,9.4326e+00,99.15,0.2
560,2,nan,1.5117e+02,6.8377e+01,2.61,3.8869e+01,145.84,9.4327e+00,99.15,0.2
561,2,nan,1.5117e+02,6.8377e+01,2.61,3.8869e+01,145.76,9.4329e+00,99.15,0.2
562,2,nan,1.5117e+02,6.8377e+01,2.61,3.8870e+01,145.80,9.4329e+00,99.15,0.2
563,2,nan,1.5117e+02,6.8377e+01,2.61,3.8869e+01,145.78,9.4329e+00,99.15,0.2
564,2,nan,1.5117e+02,6.8377e+01,2.61,3.8870e+01,145.74,9.4328e+00,99.15,0.2
565,2,nan,1.5117e+02,6.8377e+01,2.61,3.8870e+01,145.65,9.4329e+00,99.15,0.2
566,2,nan,1.5117e+02,6.8377e+01,2.61,3.8870e+01,145.53,9.4330e+00,99.16,0.2
567,2,nan,1.5117e+02,6.8377e+01,2.61,3.8870e+01,145.52,9.4330e+00,99.16,0.2
568,2,nan,1.5117e+02,6.8377e+01,2.61,3.8870e+01,145.64,9.4327e+00,99.15,0.2
569,2,nan,1.5117e+02,6.8377e+01,2.61,3.8870e+01,145.88,9.4325e+00,99.15,0.2
570,2,nan,1.5117e+02,6.8377e+01,2.61,3.8870e+01,145.83,9.4325e+00,99.15,0.2
571,2,nan,1.5117e+02,6.8377e+01,2.61,3.8870e+01,145.68,9.4325e+00,99.15,0.2
572,2,nan,1.5117e+02,6.8377e+01,2.61,3.8870e+01,145.49,9.4327e+00,99.15,0.2
573,2,nan,1.5117e+02,6.8377e+01,2.61,3.8870e+01,145.46,9.4327e+00,99.15,0.2
574,2,nan,1.5117e+02,6.8377e+01,2.61,3.8870e+01,145.42,9.4327e+00,99.15,0.2
575,2,nan,1.5117e+02,6.8377e+01,2.61,3.8870e+01,145.40,9.4327e+00,99.15,0.2
576,2,nan,1.5117e+02,6.8377e+01,2.61,3.8870e+01,145.33,9.4328e+00,99.15,0.2
577,2,nan,1.5117e+02,6.8377e+01,2.61,3.8870e+01,145.27,9.4328e+00,99.15,0.2
578,2,nan,1.5117e+02,6.8377e+01,2.61,3.8870e+01,145.40,9.4325e+00,99.15,0.2
579,2,nan,1.5117e+02,6.8377e+01,2.61,3.8870e+01,145.47,9.4324e+00,99.15,0.2
580,2,nan,1.5117e+02,6.8377e+01,2.61,3.8870e+01,145.57,9.4324e+00,99.15,0.2
581,2,nan,1.5117e+02,6.8377e+01,2.61,3.8870e+01,145.66,9.4323e+00,99.15,0.2
582,2,nan,1.5117e+02,6.8377e+01,2.61,3.8870e+01,145.66,9.4323e+00,99.14,0.2
583,2,nan,1.5117e+02,6.8377e+01,2.61,3.8870e+01,145.64,9.4322e+00,99.14,0.2
584,2,nan,1.5117e+02,6.8377e+01,2.61,3.8870e+01,145.70,9.4320e+00,99.14,0.2
585,2,nan,1.5117e+02,6.8377e+01,2.61,3.8869e+01,145.87,9.4318e+00,99.14,0.2
586,2,nan,1.5117e+02,6.8377e+01,2.61,3.8869e+01,146.00,9.4319e+00,99.14,0.2
587,2,nan,1.5117e+02,6.8377e+01,2.61,3.8869e+01,146.01,9.4320e+00,99.14,0.2
588,2,nan,1.5117e+02,6.8377e+01,2.61,3.8870e+01,145.87,9.4322e+00,99.14,0.2
589,2,nan,1.5117e+02,6.8377e+01,2.61,3.8870e+01,145.78,9.4322e+00,99.15,0.2
590,2,nan,1.5117e+02,6.8377e+01,2.61,3.8870e+01,145.68,9.4324e+00,99.15,0.2
591,2,nan,1.5117e+02,6.8377e+01,2.61,3.8870e+01,145.47,9.4326e+00,99.15,0.2
592,2,nan,1.5117e+02,6.8377e+01,2.61,3.8870e+01,145.50,9.4326e+00,99.15,0.2
593,2,nan,1.5117e+02,6.8377e+01,2.61,3.8870e+01,145.70,9.4325e+00,99.15,0.2
594,2,nan,1.5117e+02,6.8377e+01,2.61,3.8870e+01,145.76,9.4324e+00,99.15,0.2
595,2,nan,1.5117e+02,6.8377e+01,2.61,3.8870e+01,145.81,9.4325e+00,99.15,0.2
596,2,nan,1.5117e+02,6.8377e+01,2.61,3.8869e+01,145.92,9.4325e+00,99.15,0.2
597,2,nan,1.5117e+02,6.8377e+01,2.61,3.8869e+01,146.00,9.4325e+00,99.15,0.2
598,2,nan,1.5117e+02,6.8377e+01,2.61,3.8869e+01,145.97,9.4325e+00,99.15,0.2
599,2,nan,1.5117e+02,6.8377e+01,2.61,3.8870e+01,145.79,9.4325e+00,99.15,0.2
600,2,nan,1.5117e+02,6.8377e+01,2.61,3.8870e+01,145.74,9.4324e+00,99.15,0.2
601,2,nan,1.5117e+02,6.8377e+01,2.61,3.8870e+01,145.77,9.4324e+00,99.15,0.2
602,2,nan,1.5117e+02,6.8377e+01,2.61,3.8870e+01,145.72,9.4324e+00,99.15,0.2
603,2,nan,1.5117e+02,6.8377e+01,2.61,3.8869e+01,145.86,9.4322e+00,99.14,0.2
604,2,nan,1.5117e+02,6.8377e+01,2.61,3.8869e+01,145.86,9.4322e+00,99.14,0.2
605,2,nan,1.5117e+02,6.8377e+01,2.61,3.8869e+01,145.88,9.4322e+00,99.14,0.2
606,2,nan,1.5117e+02,6.8377e+01,2.61,3.8869e+01,145.91,9.4321e+00,99.14,0.2
607,2,nan,1.5117e+02,6.8377e+01,2.61,3.8869e+01,146.03,9.4320e+00,99.14,0.2
608,2,nan,1.5117e+02,6.8377e+01,2.61,3.8869e+01,146.07,9.4320e+00,99.14,0.2
609,2,nan,1.5117e+02,6.8377e+01,2.61,3.8869e+01,146.21,9.4320e+00,99.14,0.2
610,2,nan,1.5117e+02,6.8377e+01,2.61,3.8869e+01,146.66,9.4318e+00,99.14,0.2
611,2,nan,1.5117e+02,6.8377e+01,2.61,3.8868e+01,147.05,9.4317e+00,99.13,0.2
612,2,nan,1.5117e+02,6.8377e+01,2.61,3.8868e+01,147.11,9.4318e+00,99.13,0.2
613,2,nan,1.5117e+02,6.8377e+01,2.61,3.8868e+01,146.93,9.4318e+00,99.14,0.2
614,2,nan,1.5117e+02,6.8377e+01,2.61,3.8868e+01,146.76,9.4318e+00,99.13,0.2
615,2,nan,1.5117e+02,6.8377e+01,2.61,3.8869e+01,146.70,9.4318e+00,99.13,0.2
616,2,nan,1.5117e+02,6.8377e+01,2.61,3.8869e+01,146.61,9.4318e+00,99.13,0.2
617,2,nan,1.5117e+02,6.8377e+01,2.61,3.8869e+01,146.45,9.4320e+00,99.14,0.2
618,2,nan,1.5117e+02,6.8377e+01,2.61,3.8869e+01,146.52,9.4321e+00,99.14,0.2
619,2,nan,1.5117e+02,6.8377e+01,2.61,3.8869e+01,146.45,9.4322e+00,99.14,0.2
620,2,nan,1.5117e+02,6.8377e+01,2.61,3.8869e+01,146.11,9.4324e+00,99.15,0.2
621,2,nan,1.5117e+02,6.8377e+01,2.61,3.8870e+01,145.71,9.4326e+00,99.15,0.2
622,2,nan,1.5117e+02,6.8377e+01,2.61,3.8870e+01,145.42,9.4327e+00,99.15,0.2
623,2,nan,1.5117e+02,6.8377e+01,2.61,3.8871e+01,145.23,9.4326e+00,99.15,0.2
624,2,nan,1.5117e+02,6.8377e+01,2.61,3.8871e+01,145.14,9.4328e+00,99.16,0.2
625,2,nan,1.5117e+02,6.8377e+01,2.61,3.8871e+01,145.07,9.4329e+00,99.16,0.2
626,2,nan,1.5117e+02,6.8377e+01,2.61,3.8871e+01,144.99,9.4330e+00,99.16,0.2
627,2,nan,1.5117e+02,6.8377e+01,2.61,3.8871e+01,145.07,9.4329e+00,99.16,0.2
628,2,nan,1.5117e+02,6.8377e+01,2.61,3.8871e+01,145.12,9.4330e+00,99.16,0.2
629,2,nan,1.5117e+02,6.8377e+01,2.61,3.8870e+01,145.47,9.4330e+00,99.16,0.2
630,2,nan,1.5117e+02,6.8377e+01,2.61,3.8870e+01,145.65,9.4331e+00,99.16,0.2
631,2,nan,1.5117e+02,6.8377e+01,2.61,3.8870e+01,145.74,9.4331e+00,99.16,0.2
632,2,nan,1.5117e+02,6.8377e+01,2.61,3.8870e+01,145.72,9.4331e+00,99.16,0.2
633,2,nan,1.5117e+02,6.8377e+01,2.61,3.8870e+01,145.94,9.4330e+00,99.16,0.2
634,2,nan,1.5117e+02,6.8377e+01,2.61,3.8869e+01,146.36,9.4328e+00,99.16,0.2
635,2,nan,1.5117e+02,6.8377e+01,2.61,3.8869e+01,146.81,9.4326e+00,99.15,0.2
636,2,nan,1.5117e+02,6.8377e+01,2.61,3.8869e+01,146.70,9.4325e+00,99.15,0.2
637,2,nan,1.5117e+02,6.8377e+01,2.61,3.8869e+01,146.72,9.4323e+00,99.15,0.2
638,2,nan,1.5117e+02,6.8377e+01,2.61,3.8869e+01,146.84,9.4323e+00,99.14,0.2
639,2,nan,1.5117e+02,6.8377e+01,2.61,3.8869e+01,146.78,9.4324e+00,99.15,0.2
640,2,nan,1.5117e+02,6.8377e+01,2.61,3.8869e+01,146.60,9.4326e+00,99.15,0.2
641,2,nan,1.5117e+02,6.8377e+01,2.61,3.8869e+01,146.60,9.4326e+00,99.15,0.2
642,2,nan,1.5117e+02,6.8377e+01,2.61,3.8869e+01,146.68,9.4326e+00,99.15,0.2
643,2,nan,1.5117e+02,6.8377e+01,2.61,3.8869e+01,146.86,9.4326e+00,99.15,0.2
644,2,nan,1.5117e+02,6.8377e+01,2.61,3.8868e+01,147.11,9.4325e+00,99.15,0.2
645,2,nan,1.5117e+02,6.8377e+01,2.61,3.8868e+01,147.32,9.4325e+00,99.15,0.2
646,2,nan,1.5117e+02,6.8377e+01,2.61,3.8868e+01,147.50,9.4325e+00,99.15,0.2
647,2,nan,1.5117e+02,6.8377e+01,2.61,3.8868e+01,147.64,9.4324e+00,99.14,0.2
648,2,nan,1.5117e+02,6.8377e+01,2.61,3.8868e+01,147.69,9.4323e+00,99.14,0.2
649,2,nan,1.5117e+02,6.8377e+01,2.61,3.8868e+01,147.57,9.4324e+00,99.14,0.2
650,2,nan,1.5117e+02,6.8377e+01,2.61,3.8868e+01,147.46,9.4324e+00,99.14,0.2
651,2,nan,1.5117e+02,6.8377e+01,2.61,3.8868e+01,147.39,9.4324e+00,99.14,0.2
652,2,nan,1.5117e+02,6.8377e+01,2.61,3.8869e+01,147.26,9.4328e+00,99.15,0.2
653,2,nan,1.5117e+02,6.8377e+01,2.61,3.8869e+01,147.18,9.4330e+00,99.16,0.2
654,2,nan,1.5117e+02,6.8377e+01,2.61,3.8869e+01,147.34,9.4327e+00,99.15,0.2
655,2,nan,1.5117e+02,6.8377e+01,2.61,3.8868e+01,147.46,9.4325e+00,99.15,0.2
656,2,nan,1.5117e+02,6.8377e+01,2.61,3.8869e+01,147.37,9.4326e+00,99.15,0.2
657,2,nan,1.5117e+02,6.8377e+01,2.61,3.8869e+01,147.13,9.4328e+00,99.15,0.2
658,2,nan,1.5117e+02,6.8377e+01,2.61,3.8869e+01,146.86,9.4326e+00,99.15,0.2
659,2,nan,1.5117e+02,6.8377e+01,2.61,3.8869e+01,146.66,9.4324e+00,99.14,0.2
660,2,nan,1.5117e+02,6.8377e+01,2.61,3.8870e+01,146.20,9.4327e+00,99.15,0.2
661,2,nan,1.5117e+02,6.8377e+01,2.61,3.8870e+01,145.87,9.4328e+00,99.15,0.2
662,2,nan,1.5117e+02,6.8377e+01,2.61,3.8870e+01,145.74,9.4329e+00,99.16,0.2
663,2,nan,1.5117e+02,6.8377e+01,2.61,3.8870e+01,145.86,9.4330e+00,99.15,0.2
664,2,nan,1.5117e+02,6.8377e+01,2.61,3.8870e+01,145.82,9.4331e+00,99.16,0.2
665,2,nan,1.5117e+02,6.8377e+01,2.61,3.8870e+01,145.95,9.4332e+00,99.16,0.2
666,2,nan,1.5117e+02,6.8377e+01,2.61,3.8870e+01,145.95,9.4332e+00,99.16,0.2
667,2,nan,1.5117e+02,6.8377e+01,2.61,3.8870e+01,146.00,9.4332e+00,99.16,0.2
668,2,nan,1.5117e+02,6.8377e+01,2.61,3.8870e+01,146.09,9.4331e+00,99.16,0.2
669,2,nan,1.5117e+02,6.8377e+01,2.61,3.8870e+01,146.25,9.4331e+00,99.16,0.2
670,2,nan,1.5117e+02,6.8377e+01,2.61,3.8869e+01,146.35,9.4332e+00,99.16,0.2
671,2,nan,1.5117e+02,6.8377e+01,2.61,3.8870e+01,146.26,9.4333e+00,99.16,0.2
672,2,nan,1.5117e+02,6.8377e+01,2.61,3.8870e+01,146.07,9.4335e+00,99.17,0.2
673,2,nan,1.5117e+02,6.8377e+01,2.61,3.8870e+01,146.01,9.4338e+00,99.17,0.2
674,2,nan,1.5117e+02,6.8377e+01,2.61,3.8870e+01,145.82,9.4339e+00,99.17,0.2
675,2,nan,1.5117e+02,6.8377e+01,2.61,3.8870e+01,145.79,9.4339e+00,99.18,0.2
676,2,nan,1.5117e+02,6.8377e+01,2.61,3.8870e+01,145.89,9.4338e+00,99.17,0.2
677,2,nan,1.5117e+02,6.8377e+01,2.61,3.8870e+01,145.92,9.4340e+00,99.18,0.2
678,2,nan,1.5117e+02,6.8377e+01,2.61,3.8870e+01,146.01,9.4338e+00,99.17,0.2
679,2,nan,1.5117e+02,6.8377e+01,2.61,3.8870e+01,145.99,9.4336e+00,99.17,0.2
680,2,nan,1.5117e+02,6.8377e+01,2.61,3.8870e+01,146.07,9.4335e+00,99.17,0.2
681,2,nan,1.5117e+02,6.8377e+01,2.61,3.8870e+01,146.01,9.4335e+00,99.17,0.2
682,2,nan,1.5117e+02,6.8377e+01,2.61,3.8869e+01,146.39,9.4332e+00,99.16,0.2
683,2,nan,1.5117e+02,6.8377e+01,2.61,3.8869e+01,146.63,9.4331e+00,99.16,0.2
684,2,nan,1.5117e+02,6.8377e+01,2.61,3.8869e+01,146.87,9.4328e+00,99.15,0.2
685,2,nan,1.5117e+02,6.8377e+01,2.61,3.8868e+01,147.16,9.4327e+00,99.15,0.2
686,2,nan,1.5117e+02,6.8377e+01,2.61,3.8868e+01,147.21,9.4326e+00,99.15,0.2
687,2,nan,1.5117e+02,6.8377e+01,2.61,3.8868e+01,147.37,9.4324e+00,99.14,0.2
688,2,nan,1.5117e+02,6.8377e+01,2.61,3.8868e+01,147.43,9.4323e+00,99.14,0.2
689,2,nan,1.5117e+02,6.8377e+01,2.61,3.8868e+01,147.28,9.4323e+00,99.14,0.2
690,2,nan,1.5117e+02,6.8377e+01,2.61,3.8868e+01,147.21,9.4322e+00,99.14,0.2
691,2,nan,1.5117e+02,6.8377e+01,2.61,3.8869e+01,147.19,9.4323e+00,99.14,0.2
692,2,nan,1.5117e+02,6.8377e+01,2.61,3.8869e+01,147.05,9.4324e+00,99.14,0.2
693,2,nan,1.5117e+02,6.8377e+01,2.61,3.8869e+01,146.86,9.4326e+00,99.15,0.2
694,2,nan,1.5117e+02,6.8377e+01,2.61,3.8869e+01,146.95,9.4326e+00,99.15,0.2
695,2,nan,1.5117e+02,6.8377e+01,2.61,3.8869e+01,146.88,9.4324e+00,99.15,0.2
696,2,nan,1.5117e+02,6.8377e+01,2.61,3.8869e+01,146.74,9.4326e+00,99.15,0.2
697,2,nan,1.5117e+02,6.8377e+01,2.61,3.8869e+01,146.58,9.4328e+00,99.15,0.2
698,2,nan,1.5117e+02,6.8377e+01,2.61,3.8869e+01,146.71,9.4328e+00,99.15,0.2
699,2,nan,1.5117e+02,6.8377e+01,2.61,3.8869e+01,146.87,9.4326e+00,99.15,0.2
700,2,nan,1.5117e+02,6.8377e+01,2.61,3.8869e+01,146.96,9.4326e+00,99.15,0.2
701,2,nan,1.5117e+02,6.8377e+01,2.61,3.8869e+01,147.26,9.4324e+00,99.15,0.2
702,2,nan,1.5117e+02,6.8377e+01,2.61,3.8868e+01,147.46,9.4322e+00,99.14,0.2
703,2,nan,1.5117e+02,6.8377e+01,2.61,3.8869e+01,147.33,9.4322e+00,99.14,0.2
704,2,nan,1.5117e+02,6.8377e+01,2.61,3.8868e+01,147.55,9.4321e+00,99.14,0.2
705,2,nan,1.5117e+02,6.8377e+01,2.61,3.8868e+01,147.77,9.4319e+00,99.14,0.2
706,2,nan,1.5117e+02,6.8377e+01,2.61,3.8868e+01,147.82,9.4320e+00,99.14,0.2
707,2,nan,1.5117e+02,6.8377e+01,2.61,3.8868e+01,147.58,9.4320e+00,99.14,0.2
708,2,nan,1.5117e+02,6.8377e+01,2.61,3.8868e+01,147.33,9.4320e+00,99.14,0.2
709,2,nan,1.5117e+02,6.8377e+01,2.61,3.8869e+01,147.01,9.4320e+00,99.14,0.2
710,2,nan,1.5117e+02,6.8377e+01,2.61,3.8869e+01,146.96,9.4319e+00,99.14,0.2
711,2,nan,1.5117e+02,6.8377e+01,2.61,3.8869e+01,146.82,9.4318e+00,99.13,0.2
712,2,nan,1.5117e+02,6.8377e+01,2.61,3.8869e+01,146.67,9.4317e+00,99.13,0.2
713,2,nan,1.5117e+02,6.8377e+01,2.61,3.8869e+01,146.73,9.4315e+00,99.13,0.2
714,2,nan,1.5117e+02,6.8377e+01,2.61,3.8869e+01,146.69,9.4316e+00,99.13,0.2
715,2,nan,1.5117e+02,6.8377e+01,2.61,3.8869e+01,146.55,9.4317e+00,99.13,0.2
716,2,nan,1.5117e+02,6.8377e+01,2.61,3.8870e+01,146.34,9.4318e+00,99.13,0.2
717,2,nan,1.5117e+02,6.8377e+01,2.61,3.8869e+01,146.52,9.4320e+00,99.14,0.2
718,2,nan,1.5117e+02,6.8377e+01,2.61,3.8869e+01,146.58,9.4320e+00,99.14,0.2
719,2,nan,1.5117e+02,6.8377e+01,2.61,3.8869e+01,146.63,9.4320e+00,99.14,0.2
720,2,nan,1.5117e+02,6.8377e+01,2.61,3.8870e+01,146.34,9.4320e+00,99.14,0.2
721,2,nan,1.5117e+02,6.8377e+01,2.61,3.8870e+01,146.12,9.4320e+00,99.14,0.2
722,2,nan,1.5117e+02,6.8377e+01,2.61,3.8870e+01,146.13,9.4319e+00,99.14,0.2
723,2,nan,1.5117e+02,6.8377e+01,2.61,3.8870e+01,146.38,9.4318e+00,99.14,0.2
724,2,nan,1.5117e+02,6.8377e+01,2.61,3.8869e+01,146.69,9.4318e+00,99.13,0.2
725,2,nan,1.5117e+02,6.8377e+01,2.61,3.8869e+01,146.76,9.4318e+00,99.14,0.2
726,2,nan,1.5117e+02,6.8377e+01,2.61,3.8869e+01,146.94,9.4319e+00,99.14,0.2
727,2,nan,1.5117e+02,6.8377e+01,2.61,3.8869e+01,146.70,9.4319e+00,99.14,0.2
728,2,nan,1.5117e+02,6.8377e+01,2.61,3.8869e+01,146.39,9.4322e+00,99.15,0.2
729,2,nan,1.5117e+02,6.8377e+01,2.61,3.8870e+01,146.14,9.4326e+00,99.15,0.2
730,2,nan,1.5117e+02,6.8377e+01,2.61,3.8870e+01,146.12,9.4326e+00,99.15,0.2
731,2,nan,1.5117e+02,6.8377e+01,2.61,3.8870e+01,146.10,9.4325e+00,99.15,0.2
732,2,nan,1.5117e+02,6.8377e+01,2.61,3.8869e+01,146.15,9.4325e+00,99.15,0.2
733,2,nan,1.5117e+02,6.8377e+01,2.61,3.8869e+01,146.07,9.4325e+00,99.15,0.2
734,2,nan,1.5117e+02,6.8377e+01,2.61,3.8869e+01,145.97,9.4324e+00,99.15,0.2
735,2,nan,1.5117e+02,6.8377e+01,2.61,3.8869e+01,146.04,9.4320e+00,99.14,0.2
736,2,nan,1.5117e+02,6.8377e+01,2.61,3.8869e+01,146.38,9.4316e+00,99.13,0.2
737,2,nan,1.5117e+02,6.8377e+01,2.61,3.8869e+01,146.48,9.4315e+00,99.13,0.2
738,2,nan,1.5117e+02,6.8377e+01,2.61,3.8869e+01,146.23,9.4316e+00,99.13,0.2
739,2,nan,1.5117e+02,6.8377e+01,2.61,3.8869e+01,146.13,9.4316e+00,99.13,0.2
740,2,nan,1.5117e+02,6.8377e+01,2.61,3.8869e+01,145.98,9.4315e+00,99.13,0.2
741,2,nan,1.5117e+02,6.8377e+01,2.61,3.8869e+01,145.86,9.4315e+00,99.13,0.2
742,2,nan,1.5117e+02,6.8377e+01,2.61,3.8870e+01,145.65,9.4313e+00,99.12,0.2
743,2,nan,1.5117e+02,6.8377e+01,2.61,3.8869e+01,145.72,9.4312e+00,99.12,0.2
744,2,nan,1.5117e+02,6.8377e+01,2.61,3.8869e+01,145.63,9.4315e+00,99.13,0.2
745,2,nan,1.5117e+02,6.8377e+01,2.61,3.8869e+01,145.58,9.4319e+00,99.14,0.2
746,2,nan,1.5117e+02,6.8377e+01,2.61,3.8870e+01,145.10,9.4325e+00,99.15,0.2
747,2,nan,1.5117e+02,6.8377e+01,2.61,3.8870e+01,145.20,9.4322e+00,99.15,0.2
748,2,nan,1.5117e+02,6.8377e+01,2.61,3.8870e+01,145.32,9.4318e+00,99.14,0.2
749,2,nan,1.5117e+02,6.8377e+01,2.61,3.8870e+01,145.22,9.4317e+00,99.14,0.2
750,2,nan,1.5117e+02,6.8377e+01,2.61,3.8870e+01,144.68,9.4320e+00,99.14,0.2
751,2,nan,1.5117e+02,6.8377e+01,2.61,3.8870e+01,144.63,9.4319e+00,99.14,0.2
752,2,nan,1.5117e+02,6.8377e+01,2.61,3.8870e+01,144.69,9.4319e+00,99.14,0.2
753,2,nan,1.5117e+02,6.8377e+01,2.61,3.8870e+01,144.85,9.4319e+00,99.14,0.2
754,2,nan,1.5117e+02,6.8377e+01,2.61,3.8870e+01,144.69,9.4324e+00,99.15,0.2
755,2,nan,1.5117e+02,6.8377e+01,2.61,3.8871e+01,144.45,9.4329e+00,99.16,0.2
756,2,nan,1.5117e+02,6.8377e+01,2.61,3.8870e+01,144.76,9.4329e+00,99.16,0.2
757,2,nan,1.5117e+02,6.8377e+01,2.61,3.8870e+01,144.88,9.4329e+00,99.16,0.2
758,2,nan,1.5117e+02,6.8377e+01,2.61,3.8870e+01,144.93,9.4330e+00,99.16,0.2
759,2,nan,1.5117e+02,6.8377e+01,2.61,3.8870e+01,145.13,9.4329e+00,99.16,0.2
760,2,nan,1.5117e+02,6.8377e+01,2.61,3.8870e+01,145.05,9.4330e+00,99.16,0.2
761,2,nan,1.5117e+02,6.8377e+01,2.61,3.8870e+01,144.87,9.4332e+00,99.17,0.2
762,2,nan,1.5117e+02,6.8377e+01,2.61,3.8870e+01,144.94,9.4328e+00,99.16,0.2
763,2,nan,1.5117e+02,6.8377e+01,2.61,3.8870e+01,145.26,9.4324e+00,99.15,0.2
764,2,nan,1.5117e+02,6.8377e+01,2.61,3.8869e+01,145.47,9.4322e+00,99.14,0.2
765,2,nan,1.5117e+02,6.8377e+01,2.61,3.8869e+01,145.42,9.4322e+00,99.14,0.2
766,2,nan,1.5117e+02,6.8377e+01,2.61,3.8869e+01,145.34,9.4325e+00,99.15,0.2
767,2,nan,1.5117e+02,6.8377e+01,2.61,3.8869e+01,145.48,9.4325e+00,99.15,0.2
768,2,nan,1.5117e+02,6.8377e+01,2.61,3.8869e+01,145.66,9.4325e+00,99.15,0.2
769,2,nan,1.5117e+02,6.8377e+01,2.61,3.8868e+01,145.96,9.4322e+00,99.14,0.2
770,2,nan,1.5117e+02,6.8377e+01,2.61,3.8869e+01,145.83,9.4322e+00,99.14,0.2
771,2,nan,1.5117e+02,6.8377e+01,2.61,3.8869e+01,145.53,9.4322e+00,99.14,0.2
772,2,nan,1.5117e+02,6.8377e+01,2.61,3.8869e+01,145.57,9.4319e+00,99.14,0.2
773,2,nan,1.5117e+02,6.8377e+01,2.61,3.8868e+01,146.10,9.4315e+00,99.13,0.2
774,2,nan,1.5117e+02,6.8377e+01,2.61,3.8869e+01,145.79,9.4315e+00,99.13,0.2
775,2,nan,1.5117e+02,6.8377e+01,2.61,3.8868e+01,145.97,9.4313e+00,99.12,0.2
776,2,nan,1.5117e+02,6.8377e+01,2.61,3.8868e+01,146.02,9.4313e+00,99.12,0.2
777,2,nan,1.5117e+02,6.8377e+01,2.61,3.8869e+01,145.77,9.4316e+00,99.13,0.2
778,2,nan,1.5117e+02,6.8377e+01,2.61,3.8869e+01,145.72,9.4319e+00,99.13,0.2
779,2,nan,1.5117e+02,6.8377e+01,2.61,3.8868e+01,145.67,9.4321e+00,99.14,0.2
780,2,nan,1.5117e+02,6.8377e+01,2.61,3.8868e+01,145.86,9.4325e+00,99.15,0.2
781,2,nan,1.5117e+02,6.8377e+01,2.61,3.8869e+01,145.50,9.4330e+00,99.16,0.2
782,2,nan,1.5117e+02,6.8377e+01,2.61,3.8869e+01,145.24,9.4332e+00,99.16,0.2
783,2,nan,1.5117e+02,6.8377e+01,2.61,3.8869e+01,145.43,9.4331e+00,99.16,0.2
784,2,nan,1.5117e+02,6.8377e+01,2.61,3.8868e+01,146.11,9.4325e+00,99.15,0.2
785,2,nan,1.5117e+02,6.8377e+01,2.61,3.8868e+01,146.14,9.4322e+00,99.14,0.2
786,2,nan,1.5117e+02,6.8377e+01,2.61,3.8868e+01,145.84,9.4320e+00,99.14,0.2
787,2,nan,1.5117e+02,6.8377e+01,2.61,3.8868e+01,145.65,9.4319e+00,99.14,0.2
788,2,nan,1.5117e+02,6.8377e+01,2.61,3.8869e+01,145.64,9.4317e+00,99.14,0.2
789,2,nan,1.5117e+02,6.8377e+01,2.61,3.8869e+01,145.12,9.4318e+00,99.14,0.2
790,2,nan,1.5117e+02,6.8377e+01,2.61,3.8870e+01,144.80,9.4319e+00,99.14,0.2
791,2,nan,1.5117e+02,6.8377e+01,2.61,3.8870e+01,144.80,9.4319e+00,99.14,0.2
792,2,nan,1.5117e+02,6.8377e+01,2.61,3.8870e+01,144.87,9.4321e+00,99.15,0.2
793,2,nan,1.5117e+02,6.8377e+01,2.61,3.8870e+01,145.02,9.4321e+00,99.15,0.2
794,2,nan,1.5117e+02,6.8377e+01,2.61,3.8869e+01,145.27,9.4318e+00,99.14,0.2
795,2,nan,1.5117e+02,6.8377e+01,2.61,3.8869e+01,145.66,9.4315e+00,99.14,0.2
796,2,nan,1.5117e+02,6.8377e+01,2.61,3.8869e+01,145.96,9.4317e+00,99.14,0.2
797,2,nan,1.5117e+02,6.8377e+01,2.61,3.8868e+01,146.42,9.4317e+00,99.14,0.2
798,2,nan,1.5117e+02,6.8377e+01,2.61,3.8868e+01,146.76,9.4322e+00,99.15,0.2
799,2,nan,1.5117e+02,6.8377e+01,2.61,3.8868e+01,146.94,9.4325e+00,99.16,0.2
800,2,nan,1.5117e+02,6.8377e+01,2.61,3.8868e+01,147.00,9.4326e+00,99.16,0.2
801,2,nan,1.5117e+02,6.8377e+01,2.61,3.8868e+01,147.05,9.4325e+00,99.15,0.2
802,2,nan,1.5117e+02,6.8377e+01,2.61,3.8868e+01,147.10,9.4320e+00,99.14,0.2
803,2,nan,1.5117e+02,6.8377e+01,2.61,3.8868e+01,147.23,9.4317e+00,99.14,0.2
804,2,nan,1.5117e+02,6.8377e+01,2.61,3.8867e+01,147.70,9.4316e+00,99.14,0.2
805,2,nan,1.5117e+02,6.8377e+01,2.61,3.8867e+01,147.80,9.4316e+00,99.14,0.2
806,2,nan,1.5117e+02,6.8377e+01,2.61,3.8867e+01,147.59,9.4320e+00,99.15,0.2
807,2,nan,1.5117e+02,6.8377e+01,2.61,3.8868e+01,147.25,9.4323e+00,99.15,0.2
808,2,nan,1.5117e+02,6.8377e+01,2.61,3.8868e+01,146.71,9.4327e+00,99.16,0.2
809,2,nan,1.5117e+02,6.8377e+01,2.61,3.8869e+01,146.51,9.4326e+00,99.16,0.2
810,2,nan,1.5117e+02,6.8377e+01,2.61,3.8869e+01,146.09,9.4323e+00,99.16,0.2
811,2,nan,1.5117e+02,6.8377e+01,2.61,3.8869e+01,146.09,9.4322e+00,99.15,0.2
812,2,nan,1.5117e+02,6.8377e+01,2.61,3.8869e+01,146.22,9.4322e+00,99.16,0.2
813,2,nan,1.5117e+02,6.8377e+01,2.61,3.8869e+01,146.08,9.4324e+00,99.16,0.2
814,2,nan,1.5117e+02,6.8377e+01,2.61,3.8869e+01,145.95,9.4325e+00,99.16,0.2
815,2,nan,1.5117e+02,6.8377e+01,2.61,3.8869e+01,145.78,9.4324e+00,99.16,0.2
816,2,nan,1.5117e+02,6.8377e+01,2.61,3.8869e+01,145.88,9.4322e+00,99.16,0.2
817,2,nan,1.5117e+02,6.8377e+01,2.61,3.8869e+01,146.18,9.4319e+00,99.15,0.2
818,2,nan,1.5117e+02,6.8377e+01,2.61,3.8869e+01,145.92,9.4319e+00,99.15,0.2
819,2,nan,1.5117e+02,6.8377e+01,2.61,3.8869e+01,145.71,9.4318e+00,99.15,0.2
820,2,nan,1.5117e+02,6.8377e+01,2.61,3.8870e+01,145.28,9.4322e+00,99.15,0.2
821,2,nan,1.5117e+02,6.8377e+01,2.61,3.8869e+01,145.84,9.4320e+00,99.15,0.2
822,2,nan,1.5117e+02,6.8377e+01,2.61,3.8868e+01,146.69,9.4319e+00,99.15,0.2
823,2,nan,1.5117e+02,6.8377e+01,2.61,3.8868e+01,147.03,9.4319e+00,99.15,0.2
824,2,nan,1.5117e+02,6.8377e+01,2.61,3.8867e+01,147.31,9.4315e+00,99.14,0.2
825,2,nan,1.5117e+02,6.8377e+01,2.61,3.8867e+01,147.09,9.4313e+00,99.13,0.2
826,2,nan,1.5117e+02,6.8377e+01,2.61,3.8867e+01,146.88,9.4315e+00,99.14,0.2
827,2,nan,1.5117e+02,6.8377e+01,2.61,3.8867e+01,146.91,9.4316e+00,99.14,0.2
828,2,nan,1.5117e+02,6.8377e+01,2.61,3.8867e+01,146.92,9.4320e+00,99.15,0.2
829,2,nan,1.5117e+02,6.8377e+01,2.61,3.8868e+01,146.36,9.4326e+00,99.16,0.2
830,2,nan,1.5117e+02,6.8377e+01,2.61,3.8869e+01,145.90,9.4327e+00,99.16,0.2
831,2,nan,1.5117e+02,6.8377e+01,2.61,3.8869e+01,145.68,9.4327e+00,99.16,0.2
832,2,nan,1.5117e+02,6.8377e+01,2.61,3.8869e+01,145.57,9.4328e+00,99.17,0.2
833,2,nan,1.5117e+02,6.8377e+01,2.61,3.8870e+01,145.33,9.4331e+00,99.17,0.2
834,2,nan,1.5117e+02,6.8377e+01,2.61,3.8870e+01,145.28,9.4335e+00,99.18,0.2
835,2,nan,1.5117e+02,6.8377e+01,2.61,3.8869e+01,145.54,9.4332e+00,99.18,0.2
836,2,nan,1.5117e+02,6.8377e+01,2.61,3.8869e+01,145.30,9.4331e+00,99.17,0.2
837,2,nan,1.5117e+02,6.8377e+01,2.61,3.8869e+01,145.58,9.4328e+00,99.17,0.2
838,2,nan,1.5117e+02,6.8377e+01,2.61,3.8869e+01,145.68,9.4327e+00,99.16,0.2
839,2,nan,1.5117e+02,6.8377e+01,2.61,3.8869e+01,145.60,9.4326e+00,99.16,0.2
840,2,nan,1.5117e+02,6.8377e+01,2.61,3.8869e+01,145.86,9.4321e+00,99.15,0.2
841,2,nan,1.5117e+02,6.8377e+01,2.61,3.8869e+01,146.12,9.4320e+00,99.15,0.2
842,2,nan,1.5117e+02,6.8377e+01,2.61,3.8869e+01,145.62,9.4326e+00,99.16,0.2
843,2,nan,1.5117e+02,6.8377e+01,2.61,3.8870e+01,145.54,9.4328e+00,99.16,0.2
844,2,nan,1.5117e+02,6.8377e+01,2.61,3.8869e+01,145.95,9.4331e+00,99.17,0.2
845,2,nan,1.5117e+02,6.8377e+01,2.61,3.8868e+01,146.77,9.4328e+00,99.16,0.2
846,2,nan,1.5117e+02,6.8377e+01,2.61,3.8867e+01,147.19,9.4322e+00,99.15,0.2
847,2,nan,1.5117e+02,6.8377e+01,2.61,3.8867e+01,147.19,9.4323e+00,99.15,0.2
848,2,nan,1.5117e+02,6.8377e+01,2.61,3.8866e+01,147.88,9.4317e+00,99.14,0.2
849,2,nan,1.5117e+02,6.8377e+01,2.61,3.8866e+01,147.74,9.4312e+00,99.13,0.2
850,2,nan,1.5117e+02,6.8377e+01,2.61,3.8867e+01,147.28,9.4312e+00,99.13,0.2
851,2,nan,1.5117e+02,6.8377e+01,2.61,3.8867e+01,146.95,9.4317e+00,99.14,0.2
852,2,nan,1.5117e+02,6.8377e+01,2.61,3.8868e+01,146.66,9.4318e+00,99.14,0.2
853,2,nan,1.5117e+02,6.8377e+01,2.61,3.8868e+01,146.50,9.4319e+00,99.14,0.2
854,2,nan,1.5117e+02,6.8377e+01,2.61,3.8869e+01,146.08,9.4320e+00,99.14,0.2
855,2,nan,1.5117e+02,6.8377e+01,2.61,3.8869e+01,145.66,9.4322e+00,99.15,0.2
856,2,nan,1.5117e+02,6.8377e+01,2.61,3.8870e+01,145.32,9.4321e+00,99.15,0.2
857,2,nan,1.5117e+02,6.8377e+01,2.61,3.8870e+01,144.81,9.4323e+00,99.15,0.2
858,2,nan,1.5117e+02,6.8377e+01,2.61,3.8871e+01,144.28,9.4327e+00,99.16,0.2
859,2,nan,1.5117e+02,6.8377e+01,2.61,3.8871e+01,144.15,9.4327e+00,99.16,0.2
860,2,nan,1.5117e+02,6.8377e+01,2.61,3.8871e+01,144.31,9.4326e+00,99.15,0.2
861,2,nan,1.5117e+02,6.8377e+01,2.61,3.8870e+01,144.91,9.4323e+00,99.15,0.2
862,2,nan,1.5117e+02,6.8377e+01,2.61,3.8869e+01,145.47,9.4317e+00,99.14,0.2
863,2,nan,1.5117e+02,6.8377e+01,2.61,3.8869e+01,145.79,9.4313e+00,99.13,0.2
864,2,nan,1.5117e+02,6.8377e+01,2.61,3.8868e+01,146.45,9.4307e+00,99.12,0.2
865,2,nan,1.5117e+02,6.8377e+01,2.61,3.8867e+01,147.07,9.4302e+00,99.11,0.2
866,2,nan,1.5117e+02,6.8377e+01,2.61,3.8867e+01,147.65,9.4301e+00,99.10,0.2
867,2,nan,1.5117e+02,6.8377e+01,2.61,3.8866e+01,148.21,9.4299e+00,99.10,0.2
868,2,nan,1.5117e+02,6.8377e+01,2.61,3.8866e+01,148.40,9.4299e+00,99.10,0.2
869,2,nan,1.5117e+02,6.8377e+01,2.61,3.8866e+01,148.50,9.4301e+00,99.10,0.2
870,2,nan,1.5117e+02,6.8377e+01,2.61,3.8866e+01,148.16,9.4305e+00,99.11,0.2
871,2,nan,1.5117e+02,6.8377e+01,2.61,3.8867e+01,147.68,9.4310e+00,99.12,0.2
872,2,nan,1.5117e+02,6.8377e+01,2.61,3.8867e+01,147.50,9.4314e+00,99.13,0.2
873,2,nan,1.5117e+02,6.8377e+01,2.61,3.8867e+01,147.36,9.4319e+00,99.14,0.2
874,2,nan,1.5117e+02,6.8377e+01,2.61,3.8868e+01,147.28,9.4321e+00,99.14,0.2
875,2,nan,1.5117e+02,6.8377e+01,2.61,3.8868e+01,146.63,9.4325e+00,99.15,0.2
876,2,nan,1.5117e+02,6.8377e+01,2.61,3.8869e+01,146.12,9.4323e+00,99.15,0.2
877,2,nan,1.5117e+02,6.8377e+01,2.61,3.8869e+01,146.12,9.4319e+00,99.14,0.2
878,2,nan,1.5117e+02,6.8377e+01,2.61,3.8869e+01,146.14,9.4320e+00,99.14,0.2
879,2,nan,1.5117e+02,6.8377e+01,2.61,3.8868e+01,146.25,9.4323e+00,99.15,0.2
880,2,nan,1.5117e+02,6.8377e+01,2.61,3.8868e+01,146.35,9.4321e+00,99.15,0.2
881,2,nan,1.5117e+02,6.8377e+01,2.61,3.8869e+01,146.03,9.4320e+00,99.14,0.2
882,2,nan,1.5117e+02,6.8377e+01,2.61,3.8869e+01,145.72,9.4321e+00,99.15,0.2
883,2,nan,1.5117e+02,6.8377e+01,2.61,3.8869e+01,145.67,9.4322e+00,99.15,0.2
884,2,nan,1.5117e+02,6.8377e+01,2.61,3.8870e+01,145.47,9.4322e+00,99.15,0.2
885,2,nan,1.5117e+02,6.8377e+01,2.61,3.8870e+01,144.87,9.4323e+00,99.15,0.2
886,2,nan,1.5117e+02,6.8377e+01,2.61,3.8871e+01,144.44,9.4329e+00,99.16,0.2
887,2,nan,1.5117e+02,6.8377e+01,2.61,3.8871e+01,144.64,9.4330e+00,99.17,0.2
888,2,nan,1.5117e+02,6.8377e+01,2.61,3.8871e+01,144.60,9.4329e+00,99.16,0.2
889,2,nan,1.5117e+02,6.8377e+01,2.61,3.8871e+01,144.61,9.4330e+00,99.17,0.2
890,2,nan,1.5117e+02,6.8377e+01,2.61,3.8870e+01,145.18,9.4328e+00,99.16,0.2
891,2,nan,1.5117e+02,6.8377e+01,2.61,3.8869e+01,145.63,9.4324e+00,99.15,0.2
892,2,nan,1.5117e+02,6.8377e+01,2.61,3.8868e+01,145.99,9.4322e+00,99.15,0.2
893,2,nan,1.5117e+02,6.8377e+01,2.61,3.8868e+01,146.21,9.4323e+00,99.15,0.2
894,2,nan,1.5117e+02,6.8377e+01,2.61,3.8868e+01,146.21,9.4321e+00,99.14,0.2
895,2,nan,1.5117e+02,6.8377e+01,2.61,3.8867e+01,146.82,9.4314e+00,99.13,0.2
896,2,nan,1.5117e+02,6.8377e+01,2.61,3.8867e+01,147.33,9.4307e+00,99.11,0.2
897,2,nan,1.5117e+02,6.8377e+01,2.61,3.8866e+01,147.47,9.4307e+00,99.11,0.2
898,2,nan,1.5117e+02,6.8377e+01,2.61,3.8867e+01,147.37,9.4311e+00,99.12,0.2
899,2,nan,1.5117e+02,6.8377e+01,2.61,3.8867e+01,146.67,9.4317e+00,99.13,0.2
900,2,nan,1.5117e+02,6.8377e+01,2.61,3.8867e+01,146.87,9.4318e+00,99.14,0.2
901,2,nan,1.5117e+02,6.8377e+01,2.61,3.8867e+01,146.75,9.4320e+00,99.14,0.2
902,2,nan,1.5117e+02,6.8377e+01,2.61,3.8868e+01,146.31,9.4325e+00,99.15,0.2
903,2,nan,1.5117e+02,6.8377e+01,2.61,3.8868e+01,146.12,9.4326e+00,99.15,0.2
904,2,nan,1.5117e+02,6.8377e+01,2.61,3.8868e+01,146.05,9.4322e+00,99.14,0.2
905,2,nan,1.5117e+02,6.8377e+01,2.61,3.8868e+01,146.16,9.4321e+00,99.14,0.2
906,2,nan,1.5117e+02,6.8377e+01,2.61,3.8868e+01,146.01,9.4324e+00,99.15,0.2
907,2,nan,1.5117e+02,6.8377e+01,2.61,3.8868e+01,145.61,9.4325e+00,99.15,0.2
908,2,nan,1.5117e+02,6.8377e+01,2.61,3.8869e+01,145.60,9.4320e+00,99.14,0.2
909,2,nan,1.5117e+02,6.8377e+01,2.61,3.8869e+01,145.24,9.4319e+00,99.14,0.2
910,2,nan,1.5117e+02,6.8377e+01,2.61,3.8870e+01,144.38,9.4324e+00,99.15,0.2
911,2,nan,1.5117e+02,6.8377e+01,2.61,3.8871e+01,144.21,9.4323e+00,99.15,0.2
912,2,nan,1.5117e+02,6.8377e+01,2.61,3.8871e+01,144.06,9.4323e+00,99.15,0.2
913,2,nan,1.5117e+02,6.8377e+01,2.61,3.8871e+01,144.06,9.4319e+00,99.14,0.2
914,2,nan,1.5117e+02,6.8377e+01,2.61,3.8871e+01,144.23,9.4318e+00,99.14,0.2
915,2,nan,1.5117e+02,6.8377e+01,2.61,3.8871e+01,144.50,9.4322e+00,99.14,0.2
916,2,nan,1.5117e+02,6.8377e+01,2.61,3.8870e+01,144.62,9.4324e+00,99.15,0.2
917,2,nan,1.5117e+02,6.8377e+01,2.61,3.8870e+01,144.74,9.4323e+00,99.15,0.2
918,2,nan,1.5117e+02,6.8377e+01,2.61,3.8870e+01,145.28,9.4319e+00,99.14,0.2
919,2,nan,1.5117e+02,6.8377e+01,2.61,3.8869e+01,145.59,9.4318e+00,99.14,0.2
920,2,nan,1.5117e+02,6.8377e+01,2.61,3.8869e+01,145.65,9.4316e+00,99.13,0.2
921,2,nan,1.5117e+02,6.8377e+01,2.61,3.8869e+01,145.64,9.4315e+00,99.13,0.2
922,2,nan,1.5117e+02,6.8377e+01,2.61,3.8870e+01,145.39,9.4317e+00,99.13,0.2
923,2,nan,1.5117e+02,6.8377e+01,2.61,3.8870e+01,145.16,9.4322e+00,99.14,0.2
924,2,nan,1.5117e+02,6.8377e+01,2.61,3.8870e+01,145.18,9.4324e+00,99.15,0.2
925,2,nan,1.5117e+02,6.8377e+01,2.61,3.8870e+01,145.34,9.4320e+00,99.14,0.2
926,2,nan,1.5117e+02,6.8377e+01,2.61,3.8869e+01,145.51,9.4316e+00,99.13,0.2
927,2,nan,1.5117e+02,6.8377e+01,2.61,3.8869e+01,145.33,9.4317e+00,99.14,0.2
928,2,nan,1.5117e+02,6.8377e+01,2.61,3.8870e+01,145.04,9.4320e+00,99.14,0.2
929,2,nan,1.5117e+02,6.8377e+01,2.61,3.8870e+01,144.97,9.4321e+00,99.14,0.2
930,2,nan,1.5117e+02,6.8377e+01,2.61,3.8869e+01,145.38,9.4318e+00,99.14,0.2
931,2,nan,1.5117e+02,6.8377e+01,2.61,3.8869e+01,145.76,9.4316e+00,99.13,0.2
932,2,nan,1.5117e+02,6.8377e+01,2.61,3.8869e+01,146.00,9.4313e+00,99.12,0.2
933,2,nan,1.5117e+02,6.8377e+01,2.61,3.8869e+01,146.08,9.4314e+00,99.12,0.2
934,2,nan,1.5117e+02,6.8377e+01,2.61,3.8869e+01,146.42,9.4311e+00,99.12,0.2
935,2,nan,1.5117e+02,6.8377e+01,2.61,3.8868e+01,146.79,9.4310e+00,99.12,0.2
936,2,nan,1.5117e+02,6.8377e+01,2.61,3.8869e+01,146.44,9.4310e+00,99.12,0.2
937,2,nan,1.5117e+02,6.8377e+01,2.61,3.8869e+01,146.45,9.4310e+00,99.11,0.2
938,2,nan,1.5117e+02,6.8377e+01,2.61,3.8868e+01,146.66,9.4307e+00,99.11,0.2
939,2,nan,1.5117e+02,6.8377e+01,2.61,3.8868e+01,146.90,9.4303e+00,99.10,0.2
940,2,nan,1.5117e+02,6.8377e+01,2.61,3.8868e+01,146.72,9.4305e+00,99.11,0.2
941,2,nan,1.5117e+02,6.8377e+01,2.61,3.8868e+01,146.77,9.4311e+00,99.12,0.2
942,2,nan,1.5117e+02,6.8377e+01,2.61,3.8868e+01,146.74,9.4316e+00,99.13,0.2
943,2,nan,1.5117e+02,6.8377e+01,2.61,3.8868e+01,147.01,9.4320e+00,99.14,0.2
944,2,nan,1.5117e+02,6.8377e+01,2.61,3.8868e+01,146.89,9.4321e+00,99.14,0.2
945,2,nan,1.5117e+02,6.8377e+01,2.61,3.8869e+01,146.59,9.4324e+00,99.15,0.2
946,2,nan,1.5117e+02,6.8377e+01,2.61,3.8869e+01,146.08,9.4331e+00,99.16,0.2
947,2,nan,1.5117e+02,6.8377e+01,2.61,3.8870e+01,145.51,9.4337e+00,99.17,0.2
948,2,nan,1.5117e+02,6.8377e+01,2.61,3.8870e+01,145.43,9.4333e+00,99.17,0.2
949,2,nan,1.5117e+02,6.8377e+01,2.61,3.8870e+01,145.14,9.4330e+00,99.16,0.2
950,2,nan,1.5117e+02,6.8377e+01,2.61,3.8870e+01,145.43,9.4325e+00,99.15,0.2
951,2,nan,1.5117e+02,6.8377e+01,2.61,3.8869e+01,145.85,9.4320e+00,99.14,0.2
952,2,nan,1.5117e+02,6.8377e+01,2.61,3.8868e+01,146.44,9.4320e+00,99.14,0.2
953,2,nan,1.5117e+02,6.8377e+01,2.61,3.8867e+01,147.01,9.4321e+00,99.14,0.2
954,2,nan,1.5117e+02,6.8377e+01,2.61,3.8868e+01,146.89,9.4321e+00,99.14,0.2
955,2,nan,1.5117e+02,6.8377e+01,2.61,3.8867e+01,147.16,9.4312e+00,99.12,0.2
956,2,nan,1.5117e+02,6.8377e+01,2.61,3.8868e+01,147.12,9.4308e+00,99.11,0.2
957,2,nan,1.5117e+02,6.8377e+01,2.61,3.8867e+01,147.44,9.4310e+00,99.12,0.2
958,2,nan,1.5117e+02,6.8377e+01,2.61,3.8867e+01,147.80,9.4311e+00,99.12,0.2
959,2,nan,1.5117e+02,6.8377e+01,2.61,3.8867e+01,147.88,9.4316e+00,99.13,0.2
960,2,nan,1.5117e+02,6.8377e+01,2.61,3.8867e+01,147.72,9.4318e+00,99.13,0.2
961,2,nan,1.5117e+02,6.8377e+01,2.61,3.8867e+01,147.37,9.4316e+00,99.13,0.2
962,2,nan,1.5117e+02,6.8377e+01,2.61,3.8868e+01,146.85,9.4315e+00,99.13,0.2
963,2,nan,1.5117e+02,6.8377e+01,2.61,3.8868e+01,146.67,9.4315e+00,99.13,0.2
964,2,nan,1.5117e+02,6.8377e+01,2.61,3.8869e+01,146.20,9.4317e+00,99.13,0.2
965,2,nan,1.5117e+02,6.8377e+01,2.61,3.8869e+01,145.96,9.4318e+00,99.13,0.2
966,2,nan,1.5117e+02,6.8377e+01,2.61,3.8869e+01,145.97,9.4318e+00,99.13,0.2
967,2,nan,1.5117e+02,6.8377e+01,2.61,3.8869e+01,146.26,9.4320e+00,99.14,0.2
968,2,nan,1.5117e+02,6.8377e+01,2.61,3.8868e+01,146.74,9.4318e+00,99.13,0.2
969,2,nan,1.5117e+02,6.8377e+01,2.61,3.8868e+01,146.79,9.4319e+00,99.13,0.2
970,2,nan,1.5117e+02,6.8377e+01,2.61,3.8868e+01,146.80,9.4320e+00,99.13,0.2
971,2,nan,1.5117e+02,6.8377e+01,2.61,3.8868e+01,146.47,9.4322e+00,99.14,0.2
972,2,nan,1.5117e+02,6.8377e+01,2.61,3.8869e+01,145.79,9.4324e+00,99.14,0.2
973,2,nan,1.5117e+02,6.8377e+01,2.61,3.8869e+01,145.58,9.4329e+00,99.15,0.2
974,2,nan,1.5117e+02,6.8377e+01,2.61,3.8869e+01,145.66,9.4328e+00,99.15,0.2
975,2,nan,1.5117e+02,6.8377e+01,2.61,3.8868e+01,145.76,9.4325e+00,99.14,0.2
976,2,nan,1.5117e+02,6.8377e+01,2.61,3.8869e+01,145.55,9.4322e+00,99.14,0.2
977,2,nan,1.5117e+02,6.8377e+01,2.61,3.8869e+01,145.46,9.4324e+00,99.14,0.2
978,2,nan,1.5117e+02,6.8377e+01,2.61,3.8869e+01,145.44,9.4324e+00,99.14,0.2
979,2,nan,1.5117e+02,6.8377e+01,2.61,3.8870e+01,145.02,9.4329e+00,99.15,0.2
980,2,nan,1.5117e+02,6.8377e+01,2.61,3.8870e+01,144.93,9.4332e+00,99.16,0.2
981,2,nan,1.5117e+02,6.8377e+01,2.61,3.8870e+01,144.96,9.4332e+00,99.16,0.2
982,2,nan,1.5117e+02,6.8377e+01,2.61,3.8870e+01,145.06,9.4332e+00,99.16,0.2
983,2,nan,1.5117e+02,6.8377e+01,2.61,3.8869e+01,145.54,9.4334e+00,99.16,0.2
984,2,nan,1.5117e+02,6.8377e+01,2.61,3.8868e+01,146.23,9.4331e+00,99.16,0.2
985,2,nan,1.5117e+02,6.8377e+01,2.61,3.8868e+01,146.27,9.4328e+00,99.15,0.2
986,2,nan,1.5117e+02,6.8377e+01,2.61,3.8868e+01,146.56,9.4327e+00,99.15,0.2
987,2,nan,1.5117e+02,6.8377e+01,2.61,3.8867e+01,146.87,9.4325e+00,99.15,0.2
988,2,nan,1.5117e+02,6.8377e+01,2.61,3.8867e+01,146.65,9.4326e+00,99.15,0.2
989,2,nan,1.5117e+02,6.8377e+01,2.61,3.8867e+01,146.60,9.4327e+00,99.15,0.2
990,2,nan,1.5117e+02,6.8377e+01,2.61,3.8867e+01,146.48,9.4328e+00,99.15,0.2
991,2,nan,1.5117e+02,6.8377e+01,2.61,3.8868e+01,146.25,9.4327e+00,99.15,0.2
992,2,nan,1.5117e+02,6.8377e+01,2.61,3.8867e+01,146.29,9.4322e+00,99.14,0.2
993,2,nan,1.5117e+02,6.8377e+01,2.61,3.8867e+01,146.32,9.4319e+00,99.14,0.2
994,2,nan,1.5117e+02,6.8377e+01,2.61,3.8868e+01,146.27,9.4317e+00,99.13,0.2
995,2,nan,1.5117e+02,6.8377e+01,2.61,3.8868e+01,145.99,9.4316e+00,99.13,0.2
996,2,nan,1.5117e+02,6.8377e+01,2.61,3.8869e+01,145.43,9.4317e+00,99.13,0.2
997,2,nan,1.5117e+02,6.8377e+01,2.61,3.8869e+01,145.36,9.4316e+00,99.13,0.2
998,2,nan,1.5117e+02,6.8377e+01,2.61,3.8868e+01,145.84,9.4313e+00,99.12,0.2
999,2,nan,1.5117e+02,6.8377e+01,2.61,3.8868e+01,146.22,9.4312e+00,99.12,0.2
1000,2,nan,1.5117e+02,6.8377e+01,2.61,3.8867e+01,146.68,9.4311e+00,99.12,0.2
1001,2,nan,1.5117e+02,6.8377e+01,2.61,3.8867e+01,146.97,9.4313e+00,99.12,0.2
1002,2,nan,1.5117e+02,6.8377e+01,2.61,3.8867e+01,146.92,9.4314e+00,99.13,0.2
1003,2,nan,1.5117e+02,6.8377e+01,2.61,3.8867e+01,146.66,9.4314e+00,99.13,0.2
1004,2,nan,1.5117e+02,6.8377e+01,2.61,3.8868e+01,146.19,9.4314e+00,99.13,0.2
1005,2,nan,1.5117e+02,6.8377e+01,2.61,3.8868e+01,145.76,9.4312e+00,99.12,0.2
1006,2,nan,1.5117e+02,6.8377e+01,2.61,3.8869e+01,145.68,9.4309e+00,99.12,0.2
1007,2,nan,1.5117e+02,6.8377e+01,2.61,3.8869e+01,145.24,9.4313e+00,99.12,0.2
1008,2,nan,1.5117e+02,6.8377e+01,2.61,3.8869e+01,144.93,9.4317e+00,99.13,0.2
1009,2,nan,1.5117e+02,6.8377e+01,2.61,3.8870e+01,144.32,9.4322e+00,99.14,0.2
1010,2,nan,1.5117e+02,6.8377e+01,2.61,3.8870e+01,143.90,9.4328e+00,99.16,0.2
1011,2,nan,1.5117e+02,6.8377e+01,2.61,3.8870e+01,144.55,9.4325e+00,99.15,0.2
1012,2,nan,1.5117e+02,6.8377e+01,2.61,3.8869e+01,145.29,9.4320e+00,99.14,0.2
1013,2,nan,1.5117e+02,6.8377e+01,2.61,3.8869e+01,145.59,9.4317e+00,99.13,0.2
1014,2,nan,1.5117e+02,6.8377e+01,2.61,3.8869e+01,145.48,9.4319e+00,99.14,0.2
1015,2,nan,1.5117e+02,6.8377e+01,2.61,3.8869e+01,145.38,9.4318e+00,99.14,0.2
1016,2,nan,1.5117e+02,6.8377e+01,2.61,3.8869e+01,145.11,9.4318e+00,99.14,0.2
1017,2,nan,1.5117e+02,6.8377e+01,2.61,3.8869e+01,144.88,9.4320e+00,99.14,0.2
1018,2,nan,1.5117e+02,6.8377e+01,2.61,3.8870e+01,144.66,9.4322e+00,99.15,0.2
1019,2,nan,1.5117e+02,6.8377e+01,2.61,3.8869e+01,145.00,9.4319e+00,99.14,0.2
1020,2,nan,1.5117e+02,6.8377e+01,2.61,3.8869e+01,144.79,9.4322e+00,99.15,0.2
1021,3,0.0430,1.5081e+02,6.8171e+01,2.61,3.8869e+01,144.75,9.4322e+00,99.15,0.1
1022,3,0.0424,1.5023e+02,6.7476e+01,2.59,3.8869e+01,144.72,9.4321e+00,99.15,0.1
1023,3,0.0422,1.4966e+02,6.6938e+01,2.59,3.8869e+01,144.70,9.4321e+00,99.15,0.1
1024,3,0.0419,1.4940e+02,6.6343e+01,2.56,3.8869e+01,144.76,9.4319e+00,99.14,0.1
1025,3,0.0417,1.4918e+02,6.5999e+01,2.55,3.8868e+01,144.72,9.4319e+00,99.14,0.1
1026,3,0.0414,1.4899e+02,6.5723e+01,2.54,3.8868e+01,144.81,9.4318e+00,99.14,0.1
1027,3,0.0412,1.4874e+02,6.5399e+01,2.53,3.8868e+01,144.73,9.4318e+00,99.14,0.1
1028,3,0.0409,1.4847e+02,6.5037e+01,2.52,3.8868e+01,144.77,9.4317e+00,99.14,0.1
1029,3,0.0407,1.4818e+02,6.4691e+01,2.52,3.8868e+01,144.68,9.4317e+00,99.14,0.1
1030,3,0.0405,1.4789e+02,6.4427e+01,2.52,3.8868e+01,144.70,9.4317e+00,99.14,0.1
1031,3,0.0404,1.4776e+02,6.4115e+01,2.50,3.8868e+01,144.64,9.4316e+00,99.14,0.1
1032,3,0.0401,1.4752e+02,6.3738e+01,2.49,3.8868e+01,144.75,9.4314e+00,99.14,0.1
1033,3,0.0399,1.4742e+02,6.3557e+01,2.48,3.8868e+01,144.71,9.4314e+00,99.14,0.1
1034,3,0.0398,1.4723e+02,6.3315e+01,2.48,3.8868e+01,144.74,9.4313e+00,99.14,0.1
1035,3,0.0396,1.4691e+02,6.3099e+01,2.49,3.8868e+01,144.64,9.4314e+00,99.14,0.1
1036,3,0.0393,1.4672e+02,6.2682e+01,2.47,3.8868e+01,144.69,9.4313e+00,99.14,0.1
1037,3,0.0391,1.4658e+02,6.2414e+01,2.46,3.8868e+01,144.65,9.4313e+00,99.14,0.1
1038,3,0.0390,1.4661e+02,6.2262e+01,2.44,3.8867e+01,144.75,9.4311e+00,99.14,0.1
1039,3,0.0387,1.4650e+02,6.1993e+01,2.43,3.8867e+01,144.71,9.4311e+00,99.14,0.1
1040,3,0.0385,1.4625e+02,6.1847e+01,2.45,3.8867e+01,144.67,9.4311e+00,99.14,0.1
1041,3,0.0383,1.4613e+02,6.1495e+01,2.43,3.8867e+01,144.67,9.4310e+00,99.13,0.1
1042,3,0.0381,1.4592e+02,6.1175e+01,2.42,3.8867e+01,144.71,9.4310e+00,99.13,0.1
1043,3,0.0380,1.4590e+02,6.1076e+01,2.41,3.8867e+01,144.67,9.4310e+00,99.13,0.1
1044,3,0.0380,1.4586e+02,6.1358e+01,2.44,3.8867e+01,144.65,9.4311e+00,99.14,0.1
1045,3,0.0380,1.4592e+02,6.1661e+01,2.47,3.8867e+01,144.60,9.4311e+00,99.14,0.1
1046,3,0.0379,1.4585e+02,6.1027e+01,2.42,3.8867e+01,144.66,9.4310e+00,99.13,0.1
1047,3,0.0377,1.4588e+02,6.0872e+01,2.41,3.8867e+01,144.67,9.4310e+00,99.13,0.1
1048,3,0.0377,1.4580e+02,6.0754e+01,2.40,3.8867e+01,144.72,9.4310e+00,99.13,0.1
1049,3,0.0376,1.4577e+02,6.0698e+01,2.40,3.8867e+01,144.67,9.4310e+00,99.13,0.1
1050,3,0.0375,1.4566e+02,6.0632e+01,2.40,3.8867e+01,144.75,9.4309e+00,99.13,0.1
1051,3,0.0374,1.4575e+02,6.0633e+01,2.40,3.8867e+01,144.72,9.4310e+00,99.13,0.1
1052,3,0.0374,1.4568e+02,6.0836e+01,2.43,3.8867e+01,144.62,9.4311e+00,99.14,0.1
1053,3,0.0374,1.4560e+02,6.0489e+01,2.40,3.8867e+01,144.73,9.4310e+00,99.13,0.1
1054,3,0.0372,1.4550e+02,6.0354e+01,2.40,3.8867e+01,144.64,9.4310e+00,99.13,0.1
1055,3,0.0372,1.4546e+02,6.0489e+01,2.41,3.8867e+01,144.69,9.4310e+00,99.13,0.1
1056,3,0.0371,1.4546e+02,6.0292e+01,2.39,3.8867e+01,144.74,9.4309e+00,99.13,0.1
1057,3,0.0372,1.4565e+02,6.0401e+01,2.40,3.8867e+01,144.68,9.4310e+00,99.13,0.1
1058,3,0.0371,1.4563e+02,6.0242e+01,2.39,3.8867e+01,144.71,9.4310e+00,99.13,0.1
1059,3,0.0370,1.4553e+02,6.0111e+01,2.38,3.8867e+01,144.72,9.4310e+00,99.13,0.1
1060,3,0.0369,1.4533e+02,6.0063e+01,2.39,3.8867e+01,144.70,9.4310e+00,99.13,0.1
1061,3,0.0369,1.4528e+02,6.0162e+01,2.40,3.8867e+01,144.70,9.4310e+00,99.13,0.1
1062,3,0.0369,1.4527e+02,6.0418e+01,2.43,3.8867e+01,144.63,9.4311e+00,99.14,0.1
1063,3,0.0369,1.4527e+02,5.9729e+01,2.37,3.8867e+01,144.76,9.4309e+00,99.13,0.1
1064,3,0.0369,1.4537e+02,5.9816e+01,2.38,3.8867e+01,144.68,9.4310e+00,99.13,0.1
1065,3,0.0368,1.4515e+02,5.9525e+01,2.36,3.8867e+01,144.77,9.4309e+00,99.13,0.1
1066,3,0.0367,1.4512e+02,5.9422e+01,2.35,3.8867e+01,144.74,9.4308e+00,99.13,0.1
1067,3,0.0367,1.4509e+02,5.9583e+01,2.37,3.8867e+01,144.78,9.4309e+00,99.13,0.1
1068,3,0.0366,1.4519e+02,5.9469e+01,2.36,3.8867e+01,144.73,9.4309e+00,99.13,0.1
1069,3,0.0366,1.4518e+02,5.9559e+01,2.37,3.8867e+01,144.75,9.4310e+00,99.13,0.1
1070,3,0.0365,1.4509e+02,5.9493e+01,2.37,3.8867e+01,144.73,9.4310e+00,99.13,0.1
1071,3,0.0365,1.4495e+02,5.9211e+01,2.36,3.8867e+01,144.73,9.4309e+00,99.13,0.1
1072,3,0.0364,1.4494e+02,5.9031e+01,2.35,3.8867e+01,144.74,9.4309e+00,99.13,0.1
1073,3,0.0364,1.4503e+02,5.9245e+01,2.36,3.8867e+01,144.72,9.4310e+00,99.13,0.1
1074,3,0.0364,1.4483e+02,5.9169e+01,2.37,3.8867e+01,144.73,9.4310e+00,99.13,0.1
1075,3,0.0363,1.4483e+02,5.9107e+01,2.37,3.8867e+01,144.70,9.4310e+00,99.13,0.1
1076,3,0.0363,1.4486e+02,5.9104e+01,2.36,3.8867e+01,144.73,9.4310e+00,99.13,0.1
1077,3,0.0364,1.4480e+02,5.8799e+01,2.34,3.8867e+01,144.76,9.4309e+00,99.13,0.1
1078,3,0.0364,1.4473e+02,5.8593e+01,2.33,3.8867e+01,144.78,9.4309e+00,99.13,0.1
1079,3,0.0362,1.4481e+02,5.8634e+01,2.33,3.8867e+01,144.78,9.4309e+00,99.13,0.1
1080,3,0.0362,1.4488e+02,5.9091e+01,2.37,3.8867e+01,144.68,9.4310e+00,99.13,0.1
1081,3,0.0362,1.4472e+02,5.8580e+01,2.33,3.8867e+01,144.81,9.4309e+00,99.13,0.1
1082,3,0.0361,1.4470e+02,5.8687e+01,2.35,3.8867e+01,144.72,9.4310e+00,99.13,0.1
1083,3,0.0363,1.4455e+02,5.9536e+01,2.43,3.8867e+01,144.69,9.4311e+00,99.13,0.1
1084,3,0.0362,1.4456e+02,5.9095e+01,2.39,3.8867e+01,144.63,9.4310e+00,99.13,0.1
1085,3,0.0361,1.4452e+02,5.8399e+01,2.34,3.8867e+01,144.80,9.4309e+00,99.13,0.1
1086,3,0.0360,1.4456e+02,5.8654e+01,2.37,3.8867e+01,144.64,9.4311e+00,99.13,0.1
1087,3,0.0361,1.4448e+02,5.8271e+01,2.33,3.8867e+01,144.83,9.4308e+00,99.13,0.1
1088,3,0.0359,1.4467e+02,5.8256e+01,2.32,3.8867e+01,144.73,9.4309e+00,99.13,0.1
1089,3,0.0358,1.4449e+02,5.8205e+01,2.33,3.8867e+01,144.78,9.4309e+00,99.13,0.1
1090,3,0.0358,1.4441e+02,5.7941e+01,2.31,3.8867e+01,144.72,9.4309e+00,99.13,0.1
1091,3,0.0359,1.4447e+02,5.8156e+01,2.33,3.8867e+01,144.73,9.4309e+00,99.13,0.1
1092,3,0.0357,1.4439e+02,5.7814e+01,2.31,3.8867e+01,144.75,9.4309e+00,99.13,0.1
1093,3,0.0357,1.4432e+02,5.7751e+01,2.30,3.8867e+01,144.79,9.4309e+00,99.13,0.1
1094,3,0.0356,1.4430e+02,5.7897e+01,2.32,3.8867e+01,144.75,9.4309e+00,99.13,0.1
1095,3,0.0357,1.4438e+02,5.7735e+01,2.30,3.8867e+01,144.78,9.4308e+00,99.13,0.1
1096,3,0.0357,1.4434e+02,5.7430e+01,2.28,3.8867e+01,144.81,9.4308e+00,99.13,0.1
1097,3,0.0356,1.4431e+02,5.7333e+01,2.28,3.8867e+01,144.80,9.4308e+00,99.13,0.1
1098,3,0.0357,1.4413e+02,5.7164e+01,2.27,3.8867e+01,144.81,9.4308e+00,99.13,0.1
1099,3,0.0356,1.4427e+02,5.7221e+01,2.27,3.8867e+01,144.76,9.4308e+00,99.13,0.1
1100,3,0.0356,1.4424e+02,5.7134e+01,2.26,3.8867e+01,144.87,9.4307e+00,99.13,0.1
1101,3,0.0355,1.4426e+02,5.7071e+01,2.27,3.8867e+01,144.70,9.4309e+00,99.13,0.1
1102,3,0.0355,1.4406e+02,5.7181e+01,2.28,3.8867e+01,144.83,9.4308e+00,99.13,0.1
1103,3,0.0354,1.4406e+02,5.6905e+01,2.26,3.8867e+01,144.77,9.4308e+00,99.13,0.1
1104,3,0.0355,1.4423e+02,5.7147e+01,2.28,3.8867e+01,144.78,9.4308e+00,99.13,0.1
1105,3,0.0354,1.4405e+02,5.6858e+01,2.27,3.8867e+01,144.76,9.4309e+00,99.13,0.1
1106,3,0.0354,1.4400e+02,5.6735e+01,2.26,3.8867e+01,144.85,9.4308e+00,99.13,0.1
1107,3,0.0354,1.4390e+02,5.6499e+01,2.25,3.8867e+01,144.70,9.4309e+00,99.13,0.1
1108,3,0.0353,1.4397e+02,5.6682e+01,2.26,3.8867e+01,144.81,9.4308e+00,99.13,0.1
1109,3,0.0352,1.4402e+02,5.6708e+01,2.26,3.8867e+01,144.71,9.4309e+00,99.13,0.1
1110,3,0.0352,1.4392e+02,5.6429e+01,2.24,3.8867e+01,144.84,9.4308e+00,99.13,0.1
1111,3,0.0351,1.4397e+02,5.6279e+01,2.23,3.8867e+01,144.83,9.4307e+00,99.13,0.1
1112,3,0.0351,1.4398e+02,5.6186e+01,2.21,3.8867e+01,144.86,9.4307e+00,99.13,0.1
1113,3,0.0354,1.4394e+02,5.6304e+01,2.22,3.8866e+01,144.90,9.4306e+00,99.13,0.1
1114,3,0.0355,1.4393e+02,5.6115e+01,2.21,3.8867e+01,144.81,9.4307e+00,99.13,0.1
1115,3,0.0353,1.4381e+02,5.6402e+01,2.25,3.8867e+01,144.81,9.4308e+00,99.13,0.1
1116,3,0.0351,1.4388e+02,5.6044e+01,2.22,3.8867e+01,144.80,9.4307e+00,99.13,0.1
1117,3,0.0351,1.4386e+02,5.7175e+01,2.31,3.8867e+01,144.75,9.4309e+00,99.13,0.1
1118,3,0.0351,1.4377e+02,5.6677e+01,2.28,3.8867e+01,144.70,9.4309e+00,99.13,0.1
1119,3,0.0350,1.4374e+02,5.5809e+01,2.22,3.8867e+01,144.82,9.4308e+00,99.13,0.1
1120,3,0.0350,1.4369e+02,5.5700e+01,2.21,3.8867e+01,144.82,9.4308e+00,99.13,0.1
1121,3,0.0349,1.4376e+02,5.5795e+01,2.21,3.8867e+01,144.83,9.4307e+00,99.13,0.1
1122,3,0.0349,1.4379e+02,5.5807e+01,2.21,3.8867e+01,144.81,9.4307e+00,99.13,0.1
1123,3,0.0348,1.4381e+02,5.6330e+01,2.26,3.8867e+01,144.79,9.4308e+00,99.13,0.1
1124,3,0.0348,1.4358e+02,5.5606e+01,2.22,3.8867e+01,144.76,9.4308e+00,99.13,0.1
1125,3,0.0348,1.4355e+02,5.6014e+01,2.26,3.8867e+01,144.76,9.4309e+00,99.13,0.1
1126,3,0.0348,1.4362e+02,5.5586e+01,2.21,3.8867e+01,144.80,9.4308e+00,99.13,0.1
1127,3,0.0346,1.4359e+02,5.5423e+01,2.20,3.8867e+01,144.83,9.4307e+00,99.13,0.1
1128,3,0.0346,1.4365e+02,5.5421e+01,2.20,3.8867e+01,144.75,9.4308e+00,99.13,0.1
1129,3,0.0347,1.4359e+02,5.5867e+01,2.24,3.8867e+01,144.83,9.4308e+00,99.13,0.1
1130,3,0.0347,1.4351e+02,5.5321e+01,2.20,3.8867e+01,144.74,9.4308e+00,99.13,0.1
1131,3,0.0346,1.4347e+02,5.5225e+01,2.20,3.8867e+01,144.85,9.4307e+00,99.13,0.1
1132,3,0.0346,1.4357e+02,5.5070e+01,2.18,3.8867e+01,144.77,9.4308e+00,99.13,0.1
1133,3,0.0346,1.4351e+02,5.4984e+01,2.18,3.8867e+01,144.84,9.4307e+00,99.13,0.1
1134,3,0.0345,1.4342e+02,5.4939e+01,2.19,3.8867e+01,144.74,9.4308e+00,99.13,0.1
1135,3,0.0345,1.4335e+02,5.5025e+01,2.20,3.8867e+01,144.79,9.4308e+00,99.13,0.1
1136,3,0.0346,1.4346e+02,5.4890e+01,2.17,3.8867e+01,144.78,9.4307e+00,99.13,0.1
1137,3,0.0344,1.4349e+02,5.4786e+01,2.17,3.8867e+01,144.87,9.4307e+00,99.13,0.1
1138,3,0.0344,1.4346e+02,5.4595e+01,2.16,3.8867e+01,144.77,9.4307e+00,99.13,0.1
1139,3,0.0344,1.4333e+02,5.4701e+01,2.17,3.8867e+01,144.83,9.4307e+00,99.13,0.1
1140,3,0.0344,1.4331e+02,5.4912e+01,2.19,3.8867e+01,144.76,9.4308e+00,99.13,0.1
1141,3,0.0344,1.4331e+02,5.5333e+01,2.23,3.8867e+01,144.73,9.4309e+00,99.13,0.1
1142,3,0.0345,1.4321e+02,5.4455e+01,2.17,3.8867e+01,144.83,9.4307e+00,99.13,0.1
1143,3,0.0342,1.4328e+02,5.4185e+01,2.14,3.8867e+01,144.81,9.4307e+00,99.13,0.1
1144,3,0.0343,1.4336e+02,5.4756e+01,2.19,3.8867e+01,144.78,9.4308e+00,99.13,0.1
1145,3,0.0343,1.4336e+02,5.4479e+01,2.16,3.8867e+01,144.74,9.4308e+00,99.13,0.1
1146,3,0.0342,1.4321e+02,5.4169e+01,2.15,3.8867e+01,144.83,9.4307e+00,99.13,0.1
1147,3,0.0343,1.4318e+02,5.4697e+01,2.20,3.8867e+01,144.74,9.4308e+00,99.13,0.1
1148,3,0.0343,1.4324e+02,5.4055e+01,2.13,3.8866e+01,144.87,9.4305e+00,99.13,0.1
1149,3,0.0344,1.4319e+02,5.3777e+01,2.12,3.8866e+01,144.87,9.4306e+00,99.13,0.1
1150,3,0.0342,1.4312e+02,5.4049e+01,2.13,3.8866e+01,145.00,9.4305e+00,99.13,0.1
1151,3,0.0345,1.4334e+02,5.3972e+01,2.12,3.8866e+01,144.76,9.4306e+00,99.13,0.1
1152,3,0.0343,1.4319e+02,5.3958e+01,2.12,3.8866e+01,145.03,9.4305e+00,99.13,0.1
1153,3,0.0342,1.4317e+02,5.3771e+01,2.13,3.8867e+01,144.74,9.4308e+00,99.13,0.1
1154,3,0.0339,1.4311e+02,5.3849e+01,2.13,3.8866e+01,144.91,9.4306e+00,99.13,0.1
1155,3,0.0340,1.4322e+02,5.3598e+01,2.11,3.8866e+01,144.84,9.4306e+00,99.13,0.1
1156,3,0.0341,1.4329e+02,5.3994e+01,2.14,3.8867e+01,144.75,9.4308e+00,99.13,0.1
1157,3,0.0339,1.4303e+02,5.3601e+01,2.13,3.8867e+01,144.84,9.4307e+00,99.13,0.1
1158,3,0.0339,1.4295e+02,5.4084e+01,2.17,3.8867e+01,144.67,9.4308e+00,99.13,0.1
1159,3,0.0339,1.4296e+02,5.3459e+01,2.12,3.8866e+01,144.87,9.4306e+00,99.13,0.1
1160,3,0.0338,1.4309e+02,5.3397e+01,2.12,3.8867e+01,144.77,9.4307e+00,99.13,0.1
1161,3,0.0338,1.4298e+02,5.3075e+01,2.09,3.8866e+01,144.84,9.4307e+00,99.13,0.1
1162,3,0.0338,1.4306e+02,5.3200e+01,2.10,3.8866e+01,144.79,9.4307e+00,99.13,0.1
1163,3,0.0338,1.4293e+02,5.3245e+01,2.11,3.8866e+01,144.85,9.4307e+00,99.13,0.1
1164,3,0.0336,1.4290e+02,5.2916e+01,2.09,3.8866e+01,144.84,9.4306e+00,99.13,0.1
1165,3,0.0336,1.4290e+02,5.2858e+01,2.08,3.8866e+01,144.89,9.4306e+00,99.13,0.1
1166,3,0.0336,1.4299e+02,5.3010e+01,2.09,3.8866e+01,144.77,9.4307e+00,99.13,0.1
1167,3,0.0335,1.4285e+02,5.2776e+01,2.08,3.8866e+01,144.87,9.4306e+00,99.13,0.1
1168,3,0.0335,1.4290e+02,5.2849e+01,2.09,3.8866e+01,144.82,9.4307e+00,99.13,0.1
1169,3,0.0335,1.4294e+02,5.3079e+01,2.11,3.8867e+01,144.73,9.4308e+00,99.13,0.1
1170,3,0.0337,1.4269e+02,5.2542e+01,2.08,3.8866e+01,144.80,9.4307e+00,99.13,0.1
1171,3,0.0335,1.4275e+02,5.2555e+01,2.07,3.8866e+01,144.89,9.4305e+00,99.13,0.1
1172,3,0.0334,1.4282e+02,5.2630e+01,2.08,3.8866e+01,144.85,9.4306e+00,99.13,0.1
1173,3,0.0335,1.4284e+02,5.2881e+01,2.10,3.8866e+01,144.82,9.4307e+00,99.13,0.1
1174,3,0.0334,1.4274e+02,5.2435e+01,2.07,3.8866e+01,144.83,9.4306e+00,99.13,0.1
1175,3,0.0334,1.4278e+02,5.2340e+01,2.06,3.8866e+01,144.82,9.4306e+00,99.13,0.1
1176,3,0.0333,1.4275e+02,5.2399e+01,2.07,3.8866e+01,144.82,9.4307e+00,99.13,0.1
1177,3,0.0333,1.4279e+02,5.2376e+01,2.06,3.8866e+01,144.84,9.4306e+00,99.13,0.1
1178,3,0.0332,1.4270e+02,5.2502e+01,2.09,3.8866e+01,144.79,9.4307e+00,99.13,0.1
1179,3,0.0332,1.4269e+02,5.2181e+01,2.06,3.8866e+01,144.80,9.4307e+00,99.13,0.1
1180,3,0.0333,1.4262e+02,5.2676e+01,2.11,3.8866e+01,144.80,9.4307e+00,99.13,0.1
1181,3,0.0333,1.4255e+02,5.2059e+01,2.07,3.8866e+01,144.82,9.4306e+00,99.13,0.1
1182,3,0.0332,1.4258e+02,5.1757e+01,2.04,3.8866e+01,144.87,9.4305e+00,99.13,0.1
1183,3,0.0331,1.4264e+02,5.1859e+01,2.05,3.8866e+01,144.78,9.4307e+00,99.13,0.1
1184,3,0.0331,1.4254e+02,5.1731e+01,2.04,3.8866e+01,144.85,9.4306e+00,99.13,0.2
1185,3,0.0331,1.4264e+02,5.2175e+01,2.07,3.8866e+01,144.73,9.4307e+00,99.13,0.1
1186,3,0.0330,1.4256e+02,5.1721e+01,2.04,3.8866e+01,144.90,9.4305e+00,99.13,0.1
1187,3,0.0330,1.4262e+02,5.1460e+01,2.02,3.8866e+01,144.86,9.4306e+00,99.13,0.1
1188,3,0.0330,1.4269e+02,5.1582e+01,2.01,3.8866e+01,144.91,9.4305e+00,99.13,0.1
1189,3,0.0331,1.4267e+02,5.1657e+01,2.02,3.8866e+01,144.90,9.4304e+00,99.13,0.1
1190,3,0.0331,1.4253e+02,5.1908e+01,2.06,3.8866e+01,144.76,9.4307e+00,99.13,0.1
1191,3,0.0329,1.4240e+02,5.1837e+01,2.07,3.8866e+01,144.78,9.4307e+00,99.13,0.1
1192,3,0.0329,1.4244e+02,5.1850e+01,2.07,3.8866e+01,144.77,9.4307e+00,99.13,0.1
1193,3,0.0329,1.4246e+02,5.1233e+01,2.02,3.8866e+01,144.83,9.4306e+00,99.13,0.1
1194,3,0.0327,1.4252e+02,5.1480e+01,2.04,3.8866e+01,144.80,9.4307e+00,99.13,0.1
1195,3,0.0328,1.4243e+02,5.1122e+01,2.01,3.8866e+01,144.79,9.4306e+00,99.13,0.1
1196,3,0.0327,1.4240e+02,5.1102e+01,2.01,3.8866e+01,144.90,9.4305e+00,99.13,0.1
1197,3,0.0327,1.4239e+02,5.1010e+01,2.01,3.8866e+01,144.84,9.4306e+00,99.13,0.1
1198,3,0.0326,1.4243e+02,5.1134e+01,2.01,3.8866e+01,144.84,9.4306e+00,99.13,0.1
1199,3,0.0327,1.4247e+02,5.0920e+01,1.99,3.8866e+01,144.85,9.4305e+00,99.13,0.1
1200,3,0.0327,1.4245e+02,5.0760e+01,1.99,3.8866e+01,144.87,9.4305e+00,99.13,0.1
