case_id,slope_up,cut_time,material_changing_1,material_changing_3,group_changing_1,group_changing_2
case_2265,0.8949595864987684,0.411686143572621,0.0,1.0,1.0,0.0
case_0934,0.8313386755472298,0.7649415692821369,0.0,1.0,1.0,0.0
case_0684,0.6642730773233425,0.5479131886477463,1.0,0.0,1.0,0.0
case_1757,0.8622125091060463,0.058430717863105164,1.0,0.0,0.0,1.0
case_0646,0.6960835327991118,0.9863105175292153,1.0,0.0,0.0,1.0
case_1309,0.7635896902209733,0.7145242070116862,1.0,0.0,1.0,0.0
case_1087,0.5454955423734692,0.0961602671118531,0.0,1.0,0.0,1.0
case_1516,0.366184479827939,0.09415692821368948,0.0,1.0,0.0,1.0
case_1232,0.8135775488257535,0.5392320534223707,0.0,1.0,0.0,1.0
case_1656,0.714191556526867,0.49649415692821375,1.0,0.0,0.0,1.0
case_0893,0.6830748950636555,0.9439065108514191,1.0,0.0,0.0,1.0
case_0985,0.695112221181531,0.04707846410684474,0.0,1.0,1.0,0.0
case_0808,0.685607243209491,0.7018363939899832,0.0,1.0,0.0,1.0
case_1057,0.5757796510216115,0.17495826377295498,0.0,1.0,1.0,0.0
case_2160,0.428140285149339,0.38898163606010017,1.0,0.0,0.0,1.0
case_1698,0.6773164047594268,0.3626043405676127,1.0,0.0,1.0,0.0
case_1166,0.909390501959968,0.0918196994991653,0.0,1.0,0.0,1.0
case_0393,0.6968813959135531,0.7819699499165276,0.0,1.0,0.0,1.0
case_2355,0.4417733374960974,0.2343906510851419,0.0,1.0,0.0,1.0
case_0536,0.7122836229923335,0.21869782971619367,0.0,1.0,0.0,1.0
case_0391,0.46400943559857066,0.32153589315525877,0.0,1.0,1.0,0.0
case_0947,0.5859437333055815,0.6076794657762937,1.0,0.0,0.0,1.0
case_0664,0.6666319769660387,0.6283806343906512,0.0,1.0,0.0,1.0
case_0417,0.5227044090609497,0.352253756260434,0.0,1.0,0.0,1.0
case_0591,0.7224477052763034,0.5779632721202004,0.0,1.0,0.0,1.0
case_1526,0.6425573247302875,0.2714524207011686,0.0,1.0,0.0,1.0
case_0873,0.9200749297533561,0.6717863105175292,0.0,1.0,1.0,0.0
case_2310,0.7200541159329794,0.808347245409015,1.0,0.0,1.0,0.0
case_2272,0.4950567176605265,0.2811352253756261,1.0,0.0,1.0,0.0
case_0511,0.786311444132237,0.8010016694490818,1.0,0.0,1.0,0.0
case_0931,0.7811426787386824,0.1719532554257095,1.0,0.0,0.0,1.0
case_0595,0.6712457071495472,0.5803005008347245,0.0,1.0,1.0,0.0
case_0490,0.7258472959378359,0.5302170283806343,0.0,1.0,0.0,1.0
case_2049,0.4507579699587191,0.30283806343906516,0.0,1.0,0.0,1.0
case_0021,0.4899226419675997,0.32120200333889826,1.0,0.0,0.0,1.0
case_0284,0.7239740521039302,0.3829716193656093,0.0,1.0,0.0,1.0
case_1954,0.661185693967461,0.3469115191986645,1.0,0.0,1.0,0.0
case_1964,0.9085579491448987,0.9318864774624374,1.0,0.0,1.0,0.0
case_0943,0.13910569951781315,0.03338898163606008,0.0,1.0,0.0,1.0
case_0839,0.7035418184341068,0.6073455759599332,0.0,1.0,1.0,0.0
case_0640,0.7944288340791618,0.256093489148581,1.0,0.0,1.0,0.0
case_0534,0.9746071391403891,0.6881469115191987,0.0,1.0,0.0,1.0
case_1478,0.602768238110105,0.10484140233722866,1.0,0.0,1.0,0.0
case_2251,0.576542824435425,0.2851419031719533,1.0,0.0,0.0,1.0
case_1434,0.7795122628091717,0.4437395659432387,0.0,1.0,0.0,1.0
case_0826,0.27370173795400143,0.16060100166944913,1.0,0.0,0.0,1.0
case_2134,0.8761230790578276,0.8113522537562605,0.0,1.0,0.0,1.0
case_0914,0.9843549450168243,0.6130217028380635,1.0,0.0,1.0,0.0
case_0716,0.6469282270094008,0.5318864774624373,0.0,1.0,0.0,1.0
case_0412,0.2444236306240677,0.22136894824707842,1.0,0.0,0.0,1.0
case_1588,0.8857321261317513,0.8797996661101837,0.0,1.0,1.0,0.0
case_1399,0.8177750026017274,0.2764607679465776,0.0,1.0,1.0,0.0
case_0263,0.45779997918617954,0.22170283806343904,1.0,0.0,1.0,0.0
case_0707,0.5573247302875776,0.3849749582637729,1.0,0.0,0.0,1.0
case_1967,0.395393207756617,0.12353923205342243,1.0,0.0,0.0,1.0
case_1904,0.5305095917022234,0.40534223706176964,0.0,1.0,1.0,0.0
case_0691,0.6284733062753667,0.6227045075125208,0.0,1.0,0.0,1.0
case_1238,0.08953411732056749,0.06878130217028378,0.0,1.0,1.0,0.0
case_1549,0.5081694244978665,0.1903171953255426,0.0,1.0,0.0,1.0
case_0310,0.5606202518472264,0.1836393989983306,0.0,1.0,1.0,0.0
case_0272,0.8829569500815206,0.9552587646076796,1.0,0.0,1.0,0.0
case_1137,0.9632289173344433,0.4804674457429049,1.0,0.0,1.0,0.0
case_0911,0.5657196378395253,0.39198664440734565,1.0,0.0,0.0,1.0
case_0501,0.35730391646720083,0.05409015025041736,1.0,0.0,1.0,0.0
case_1336,0.7535990564401428,0.7766277128547578,1.0,0.0,0.0,1.0
case_2154,0.3971276927880112,0.3826377295492488,0.0,1.0,0.0,1.0
case_1641,0.569431435806709,0.5719532554257095,0.0,1.0,0.0,1.0
case_0567,0.7479793249384257,0.5305509181969951,1.0,0.0,0.0,1.0
case_0122,0.7592881673431158,0.2794657762938231,0.0,1.0,1.0,0.0
case_1532,0.7275470912686022,0.36327212020033395,0.0,1.0,0.0,1.0
case_1669,0.6311444132237138,0.0210350584307179,1.0,0.0,0.0,1.0
case_1706,0.4805217330974433,0.345575959933222,1.0,0.0,0.0,1.0
case_0932,0.17372602074444088,0.006677796327211993,0.0,1.0,1.0,0.0
case_1331,0.7106878967634508,0.5599332220367279,0.0,1.0,1.0,0.0
case_0181,0.6247615083081832,0.28247078464106845,0.0,1.0,1.0,0.0
case_0363,0.7501994657786102,0.9398998330550918,0.0,1.0,1.0,0.0
case_0549,0.8269330835674886,0.5245409015025042,0.0,1.0,0.0,1.0
case_0459,0.5159399174385124,0.335559265442404,0.0,1.0,1.0,0.0
case_0319,0.702917403822805,0.5165275459098497,1.0,0.0,0.0,1.0
case_2275,0.6805078572171921,0.8153589315525878,1.0,0.0,0.0,1.0
case_0743,0.7804141950254968,0.08046744574290488,1.0,0.0,0.0,1.0
case_0431,0.41669268394213743,0.11886477462437395,1.0,0.0,1.0,0.0
case_2009,0.9977104797585595,0.979966611018364,0.0,1.0,0.0,1.0
case_0308,0.37575883720123493,0.03672787979966613,0.0,1.0,0.0,1.0
case_1456,0.4360842265931244,0.3639398998330551,1.0,0.0,0.0,1.0
case_1997,0.9443924098935025,0.44607679465776295,0.0,1.0,1.0,0.0
case_2196,0.912339126513338,0.9512520868113523,0.0,1.0,1.0,0.0
case_0519,0.733895306483505,0.6487479131886478,1.0,0.0,1.0,0.0
case_0395,0.6913657335137197,0.5843071786310519,0.0,1.0,1.0,0.0
case_0483,0.8345301280049952,0.9298831385642738,0.0,1.0,1.0,0.0
case_2014,0.6943837374683455,0.009682804674457424,1.0,0.0,0.0,1.0
case_1032,0.7901273112013042,0.9232053422370619,0.0,1.0,0.0,1.0
case_1811,0.6291671002879244,0.6420701168614358,1.0,0.0,0.0,1.0
case_0674,0.9330488777881846,0.6430717863105176,1.0,0.0,0.0,1.0
case_0816,0.269330835674888,0.1392320534223706,1.0,0.0,0.0,1.0
case_0750,0.8183647275124014,0.4787979966611019,0.0,1.0,0.0,1.0
case_1334,0.5938876747493669,0.18297161936560935,0.0,1.0,1.0,0.0
case_1971,0.6691296354112464,0.8160267111853088,0.0,1.0,0.0,1.0
case_0701,0.6159850140493286,0.4030050083472454,0.0,1.0,1.0,0.0
case_0955,0.7800326083185901,0.03505843071786313,1.0,0.0,0.0,1.0
case_2385,0.7988691157595309,0.055425709515859733,0.0,1.0,1.0,0.0
case_1804,0.30471433031532924,0.0023372287145241866,0.0,1.0,0.0,1.0
case_0829,0.6746106081104519,0.3165275459098498,1.0,0.0,1.0,0.0
case_1317,0.9047767717764594,0.821702838063439,0.0,1.0,1.0,0.0
case_1841,0.850071113886287,0.5272120200333891,1.0,0.0,1.0,0.0
case_1920,0.8415374475318277,0.6627712854757929,0.0,1.0,1.0,0.0
case_2053,0.8099004405591979,0.028380634390651083,0.0,1.0,1.0,0.0
case_2133,0.8300204669233703,0.7555926544240399,1.0,0.0,0.0,1.0
case_2377,0.7020154716064799,0.42404006677796324,0.0,1.0,1.0,0.0
case_1088,0.838172546570923,0.5108514190317195,0.0,1.0,0.0,1.0
case_1769,0.6453325007805182,0.35025041736227047,1.0,0.0,1.0,0.0
case_0345,0.7095778263433585,0.6330550918196995,0.0,1.0,1.0,0.0
case_1413,0.7369480001387587,0.9195325542570951,1.0,0.0,0.0,1.0
case_1847,0.7753148090331979,0.5749582637729549,1.0,0.0,1.0,0.0
case_1038,0.619488673812745,0.36861435726210356,1.0,0.0,1.0,0.0
case_0695,0.4318867728171506,0.16060100166944913,1.0,0.0,1.0,0.0
case_1789,0.9537239393624032,0.4604340567612688,1.0,0.0,1.0,0.0
case_0165,0.852776910535262,0.859432387312187,0.0,1.0,1.0,0.0
case_1324,0.9492142782807783,0.48146911519198665,1.0,0.0,1.0,0.0
case_0635,0.29479307593575454,0.01502504173622704,1.0,0.0,1.0,0.0
case_2273,0.9955944080202587,0.8607679465776295,1.0,0.0,0.0,1.0
case_2193,0.870642106358622,0.4270450751252086,0.0,1.0,0.0,1.0
case_1308,0.7183196309015852,0.32220367278798,1.0,0.0,1.0,0.0
case_1226,0.25684254344885005,0.16560934891485812,1.0,0.0,0.0,1.0
case_2353,0.6654525271446906,0.5095158597662771,1.0,0.0,1.0,0.0
case_0642,0.3891837513442258,0.21569282136894818,0.0,1.0,1.0,0.0
case_0520,0.6849134491969333,0.14156928213689485,1.0,0.0,1.0,0.0
case_0112,0.8223193533839801,0.01569282136894823,0.0,1.0,1.0,0.0
case_0580,0.663579283310785,0.5352253756260433,1.0,0.0,0.0,1.0
case_1546,0.811357407985569,0.3823038397328882,0.0,1.0,1.0,0.0
case_1406,0.874839560134596,0.2223706176961603,0.0,1.0,0.0,1.0
case_2041,0.17421167655323133,0.021702838063439034,1.0,0.0,0.0,1.0
case_1252,0.7432962153536613,0.13455759599332223,0.0,1.0,0.0,1.0
case_0963,0.6350990390952924,0.1375626043405676,1.0,0.0,1.0,0.0
case_1580,0.3298643632705449,0.1652754590984975,1.0,0.0,0.0,1.0
case_1872,0.5086897700072848,0.5041736227045075,1.0,0.0,0.0,1.0
case_0576,0.7956429736011377,0.35358931552587647,0.0,1.0,1.0,0.0
case_1405,0.4998438963471745,0.16794657762938225,0.0,1.0,1.0,0.0
case_0744,0.9378013667742046,0.3018363939899833,1.0,0.0,0.0,1.0
case_1178,0.6872029694383737,0.7212020033388982,0.0,1.0,1.0,0.0
case_0154,0.3449543830436742,0.03005008347245408,1.0,0.0,0.0,1.0
case_0252,0.41096888333853676,0.3492487479131886,0.0,1.0,0.0,1.0
case_1323,0.8406355153155027,0.9338898163606009,0.0,1.0,1.0,0.0
case_1991,0.9946230964026779,0.8300500834724542,0.0,1.0,0.0,1.0
case_1932,0.5359211850001734,0.2460767946577629,1.0,0.0,0.0,1.0
case_1590,0.8270371526693723,0.8330550918196995,1.0,0.0,0.0,1.0
case_0512,0.9281923197002808,0.6604340567612688,0.0,1.0,0.0,1.0
case_1521,0.6864051063239323,0.7896494156928215,0.0,1.0,0.0,1.0
case_1165,0.6187255003989315,0.17462437395659425,1.0,0.0,1.0,0.0
case_2252,0.5044576265306829,0.13589315525876455,0.0,1.0,0.0,1.0
case_1482,0.8284941200957434,0.6193656093489148,0.0,1.0,0.0,1.0
case_0267,0.9199014812502166,0.989983305509182,1.0,0.0,0.0,1.0
case_0559,0.6692337045131299,0.12854757929883143,1.0,0.0,0.0,1.0
case_1978,0.8079925070246643,0.14323873121869785,0.0,1.0,1.0,0.0
case_0275,0.9389808165955527,0.7222036727879801,0.0,1.0,1.0,0.0
case_1167,0.707669892808825,0.4454090150250417,0.0,1.0,0.0,1.0
case_0880,0.7968224234224858,0.9843071786310518,1.0,0.0,0.0,1.0
case_1718,0.28372706143545967,0.16360601001669445,1.0,0.0,0.0,1.0
case_0271,0.9146980261560341,0.060434056761268784,0.0,1.0,0.0,1.0
case_1490,0.5680438477815934,0.35525876460767947,1.0,0.0,0.0,1.0
case_1805,0.4551288722378325,0.3151919866444073,1.0,0.0,0.0,1.0
case_0438,0.6165053595587469,0.45976627712854756,1.0,0.0,0.0,1.0
case_1541,0.2706837339993755,0.05175292153589317,0.0,1.0,0.0,1.0
case_0532,0.5074409407846809,0.009015025041736235,1.0,0.0,1.0,0.0
case_0624,0.7355604121136434,0.696160267111853,1.0,0.0,0.0,1.0
case_1312,0.7510320185936794,0.4080133555926545,1.0,0.0,1.0,0.0
case_0737,0.7678218336975751,0.04006677796327213,0.0,1.0,1.0,0.0
case_1230,0.9218094147847503,0.9412353923205343,1.0,0.0,0.0,1.0
case_1788,0.7923821417421166,0.5712854757929884,0.0,1.0,0.0,1.0
case_2144,0.915357130467964,0.053756260434056735,1.0,0.0,1.0,0.0
case_1315,0.715371006348215,0.1532554257095159,1.0,0.0,0.0,1.0
case_1427,0.7887397231761889,0.7382303839732889,0.0,1.0,1.0,0.0
case_1943,0.3238283553612932,0.06978297161936559,0.0,1.0,1.0,0.0
case_1042,0.6781836472751239,0.2881469115191987,1.0,0.0,1.0,0.0
case_2099,0.6036007909251742,0.21035058430717868,1.0,0.0,1.0,0.0
case_2470,0.8836854337947062,0.9405676126878129,1.0,0.0,0.0,1.0
case_1563,0.9589967738578414,0.4701168614357262,0.0,1.0,0.0,1.0
case_2098,0.08790370139105697,0.017362270450751283,0.0,1.0,1.0,0.0
case_0619,0.5299892461928053,0.5692821368948248,1.0,0.0,0.0,1.0
case_1570,0.355465362333923,0.11619365609348914,1.0,0.0,0.0,1.0
case_1450,0.8822284663683351,0.34991652754590985,1.0,0.0,1.0,0.0
case_1807,0.4779546952509799,0.28080133555926545,1.0,0.0,0.0,1.0
case_0682,0.6386373885593366,0.36160267111853095,0.0,1.0,0.0,1.0
case_0076,0.9257293509557011,0.32320534223706177,0.0,1.0,1.0,0.0
case_0060,0.5804974503070037,0.2550918196994991,0.0,1.0,1.0,0.0
case_0480,0.4536025254102056,0.23739565943238727,0.0,1.0,0.0,1.0
case_2061,0.6304853089117839,0.5552587646076794,1.0,0.0,0.0,1.0
case_0265,0.8759149408540603,0.398330550918197,1.0,0.0,1.0,0.0
case_0593,0.1828841017102022,0.08914858096828049,0.0,1.0,1.0,0.0
case_2078,0.8154854823602871,0.5909849749582639,1.0,0.0,0.0,1.0
case_2467,0.6401637353869635,0.004340567612687807,0.0,1.0,1.0,0.0
case_2185,0.5551739688486488,0.3335559265442404,0.0,1.0,1.0,0.0
case_2480,0.8398723419016892,0.4363939899833055,1.0,0.0,1.0,0.0
case_0008,0.06486974017414215,0.0016694490818029983,1.0,0.0,1.0,0.0
case_0210,0.11787560273354836,0.12621035058430718,1.0,0.0,0.0,1.0
case_1284,0.9942761993963991,0.7909849749582636,1.0,0.0,0.0,1.0
case_2146,0.5492073403406528,0.3118530884808013,0.0,1.0,1.0,0.0
case_2129,0.6566760328858361,0.1786310517529215,0.0,1.0,0.0,1.0
case_1922,0.7683421792069933,0.7068447412353922,1.0,0.0,1.0,0.0
case_2469,0.560169285739064,0.08113522537562601,1.0,0.0,0.0,1.0
case_1868,0.9566725639157733,0.6998330550918197,0.0,1.0,1.0,0.0
case_0600,0.7156485239532382,0.6998330550918197,1.0,0.0,0.0,1.0
case_1963,0.8791410830124535,0.14490818030050084,0.0,1.0,1.0,0.0
case_0613,0.6933083567488811,0.10484140233722866,1.0,0.0,0.0,1.0
case_2209,0.805945814687619,0.23372287145242077,1.0,0.0,1.0,0.0
case_1206,0.6536233392305824,0.47445742904841404,1.0,0.0,1.0,0.0
case_0011,0.8275921878794185,0.9562604340567613,0.0,1.0,1.0,0.0
case_0187,0.9522322822354041,0.5853088480801335,1.0,0.0,0.0,1.0
case_1758,0.9311409442536509,0.6948247078464107,1.0,0.0,0.0,1.0
case_1083,0.6904291115967668,0.38697829716193655,1.0,0.0,0.0,1.0
case_1274,0.3266035314115239,0.05108514190317193,0.0,1.0,1.0,0.0
case_1740,0.6766226107468691,0.12053422370617695,1.0,0.0,1.0,0.0
case_2079,0.9341242585076489,0.9445742904841403,1.0,0.0,0.0,1.0
case_2176,0.8871197141568667,0.5565943238731218,0.0,1.0,0.0,1.0
case_1395,0.6205987442328371,0.325542570951586,1.0,0.0,0.0,1.0
case_0446,0.5733166822770318,0.6477462437395659,1.0,0.0,0.0,1.0
case_1381,0.20605682172962836,0.062437395659432404,1.0,0.0,0.0,1.0
case_1763,0.3103340618170465,0.27913188647746245,0.0,1.0,0.0,1.0
case_1358,0.854546085267284,0.7595993322203674,1.0,0.0,0.0,1.0
case_2402,0.5465015436916778,0.026711185308848084,1.0,0.0,0.0,1.0
case_0125,0.8631491310229992,0.969949916527546,1.0,0.0,1.0,0.0
case_0126,0.4426405800117944,0.34156928213689486,0.0,1.0,0.0,1.0
case_0731,0.029867832240607628,0.02771285475792984,1.0,0.0,0.0,1.0
case_0419,0.9030769764456932,0.690484140233723,0.0,1.0,1.0,0.0
case_0025,0.9634717452388384,0.6393989983305508,0.0,1.0,0.0,1.0
case_1578,0.5104589447393068,0.25843071786310523,0.0,1.0,0.0,1.0
case_1378,0.9691608561418114,0.6393989983305508,1.0,0.0,0.0,1.0
case_0569,0.8485100773580323,0.022370617696160278,1.0,0.0,0.0,1.0
case_1066,0.8786207375030353,0.2634390651085142,0.0,1.0,1.0,0.0
case_2040,0.7842300620945639,0.563939899833055,0.0,1.0,0.0,1.0
case_2228,0.9237173483192839,0.8754590984974959,1.0,0.0,0.0,1.0
case_1543,0.5628750823880388,0.47278797996661104,1.0,0.0,0.0,1.0
case_1273,0.9002671106948346,0.4500834724540902,1.0,0.0,1.0,0.0
case_2464,0.7067332708918721,0.9626043405676126,0.0,1.0,0.0,1.0
case_1177,0.8190585215249591,0.6203672787979967,0.0,1.0,1.0,0.0
case_1124,0.5555555555555555,0.3692821368948247,1.0,0.0,1.0,0.0
case_1453,0.5577063169944843,0.47979966611018365,1.0,0.0,0.0,1.0
case_2319,0.6788427515870536,0.16460767946577626,0.0,1.0,1.0,0.0
case_0786,0.6394699413744058,0.6116861435726211,0.0,1.0,0.0,1.0
case_1220,0.5949283657682033,0.12220367278797994,0.0,1.0,0.0,1.0
case_2150,0.5935407777430879,0.10918196994991658,1.0,0.0,0.0,1.0
case_0530,0.9303430811392096,0.3779632721202003,0.0,1.0,0.0,1.0
case_0845,0.5962465743920629,0.17629382303839725,1.0,0.0,1.0,0.0
case_0702,0.12640926908800776,0.12020033388981638,1.0,0.0,0.0,1.0
case_0468,0.6100877649425884,0.3085141903171953,1.0,0.0,1.0,0.0
case_0937,0.808096576126548,0.06944908180300502,0.0,1.0,0.0,1.0
case_0005,0.9322510146737433,0.12420701168614351,0.0,1.0,1.0,0.0
case_0013,0.8038644326499461,0.7929883138564275,1.0,0.0,1.0,0.0
case_0938,0.9081416727373641,0.5742904841402338,1.0,0.0,1.0,0.0
case_0594,0.059215318971797326,0.059766277128547596,0.0,1.0,0.0,1.0
case_2138,0.6974017414229714,0.5075125208681135,1.0,0.0,1.0,0.0
case_2226,0.6128282512921912,0.3979966611018364,1.0,0.0,1.0,0.0
case_1822,0.7053456828667568,0.6974958263772955,1.0,0.0,1.0,0.0
case_1300,0.8262392895549311,0.17262103505843074,1.0,0.0,1.0,0.0
case_1852,0.7905435876088388,0.6110183639398997,0.0,1.0,1.0,0.0
case_0424,0.9397093003087382,0.6841402337228715,1.0,0.0,0.0,1.0
case_0866,0.919485204842682,0.5098497495826376,0.0,1.0,1.0,0.0
case_0057,0.3232386304506192,0.010350584307178612,0.0,1.0,0.0,1.0
case_2406,0.741596420022895,0.6183639398998331,0.0,1.0,0.0,1.0
case_0846,0.9612862940992818,0.8767946577629382,1.0,0.0,1.0,0.0
case_0844,0.6106081104520067,0.019699499165275414,1.0,0.0,0.0,1.0
case_1680,0.4231796579595517,0.12487479131886475,0.0,1.0,0.0,1.0
case_1027,0.7517951920074928,0.7636060100166944,0.0,1.0,0.0,1.0
case_1024,0.4694557185971484,0.03939899833055088,1.0,0.0,1.0,0.0
case_1560,0.6001665105630138,0.21135225375626043,0.0,1.0,0.0,1.0
case_1945,0.8075762306171297,0.28914858096828044,1.0,0.0,1.0,0.0
case_0690,0.7507198112880284,0.20801335559265444,0.0,1.0,1.0,0.0
case_2172,0.5702292989211503,0.3459098497495826,0.0,1.0,1.0,0.0
case_2110,0.5724147500607069,0.04440734557595993,1.0,0.0,1.0,0.0
case_0504,0.7432268359524056,0.317195325542571,0.0,1.0,0.0,1.0
case_0558,0.24258507649078986,0.07579298831385645,0.0,1.0,0.0,1.0
case_0053,0.5126097061782355,0.26076794657762936,1.0,0.0,1.0,0.0
case_0649,0.8914212370347243,0.39031719532554265,1.0,0.0,1.0,0.0
case_2003,0.6457140874874249,0.10183639398998334,1.0,0.0,0.0,1.0
case_0089,0.44395878863565397,0.41235392320534225,1.0,0.0,0.0,1.0
case_0609,0.28168036909841465,0.05008347245409017,0.0,1.0,0.0,1.0
case_0199,0.7830506122732159,0.09749582637729554,1.0,0.0,1.0,0.0
case_1870,0.43421098275921866,0.21803005008347243,0.0,1.0,0.0,1.0
case_0105,0.5371006348215214,0.2681135225375626,1.0,0.0,1.0,0.0
case_1113,0.9170569257987302,0.20968280467445743,0.0,1.0,1.0,0.0
case_0422,0.7115898289797757,0.8447412353923205,1.0,0.0,0.0,1.0
case_0232,0.7411454539147326,0.23205342237061777,0.0,1.0,1.0,0.0
case_1214,0.8624553370104415,0.23038397328881477,1.0,0.0,0.0,1.0
case_1483,0.6977139487286224,0.5292153589315526,0.0,1.0,0.0,1.0
case_1191,0.7420126964304297,0.3559265442404007,0.0,1.0,0.0,1.0
case_0134,0.8463246262184756,0.858430717863105,1.0,0.0,0.0,1.0
case_0806,0.9261109376626078,0.37863105175292155,0.0,1.0,1.0,0.0
case_1800,0.7263676414472542,0.7565943238731219,1.0,0.0,0.0,1.0
case_1586,0.8434800707669892,0.4247078464106845,0.0,1.0,1.0,0.0
case_1077,0.8570090540118638,0.5939899833055091,0.0,1.0,0.0,1.0
case_0857,0.8994692475803933,0.6968280467445742,0.0,1.0,1.0,0.0
case_2455,0.9347486731189508,0.17595993322203674,0.0,1.0,0.0,1.0
case_2443,0.5968709890033648,0.3302170283806344,0.0,1.0,1.0,0.0
case_1785,0.9182710653207061,0.596661101836394,0.0,1.0,1.0,0.0
case_1183,0.9471675859437332,0.27278797996661097,0.0,1.0,0.0,1.0
case_1212,0.40285149339161197,0.0641068447412354,0.0,1.0,0.0,1.0
case_2020,0.5894473930689977,0.37395659432387307,1.0,0.0,1.0,0.0
case_1144,0.5521559648940229,0.10951585976627715,0.0,1.0,1.0,0.0
case_0629,0.9794290075276649,0.6310517529215358,0.0,1.0,0.0,1.0
case_1146,0.7617511360876954,0.806677796327212,0.0,1.0,1.0,0.0
case_1986,0.8034134665417836,0.7726210350584306,1.0,0.0,1.0,0.0
case_0606,0.41409095639504623,0.1973288814691152,1.0,0.0,1.0,0.0
case_1318,0.5543414160335796,0.6086811352253756,1.0,0.0,0.0,1.0
case_1791,0.7295937836056474,0.26911519198664446,0.0,1.0,1.0,0.0
case_1126,0.9450168245048044,0.20367278797996657,1.0,0.0,1.0,0.0
case_1458,0.7088146529295452,0.3375626043405676,0.0,1.0,1.0,0.0
case_2131,0.8992957990772539,0.01769616026711185,0.0,1.0,0.0,1.0
case_1398,0.7178339750927949,0.10150250417362267,0.0,1.0,0.0,1.0
case_1173,0.6145280466229576,0.24173622704507514,0.0,1.0,0.0,1.0
case_0113,0.7701460436396432,0.11252086811352258,1.0,0.0,1.0,0.0
case_0858,0.8922191001491655,0.6210350584307178,1.0,0.0,0.0,1.0
case_2147,0.2065424775384188,0.1642737896494157,1.0,0.0,0.0,1.0
case_0172,0.6268082006452284,0.0353923205342237,1.0,0.0,0.0,1.0
case_1854,0.3274013945259652,0.21469115191986643,1.0,0.0,0.0,1.0
case_2486,0.7011135393901549,0.5118530884808015,1.0,0.0,0.0,1.0
case_0683,0.6630242481007387,0.12120200333889819,0.0,1.0,0.0,1.0
case_2013,0.37777083983765214,0.1382303839732888,1.0,0.0,0.0,1.0
case_0540,0.7609185832726262,0.582303839732888,1.0,0.0,1.0,0.0
case_1557,0.6886252471641169,0.1789649415692821,0.0,1.0,0.0,1.0
case_0964,0.7214763936587226,0.37195325542570956,1.0,0.0,0.0,1.0
case_0696,0.3814826378048357,0.30651085141903167,1.0,0.0,0.0,1.0
case_2244,0.2759912581954417,0.025709515859766274,1.0,0.0,1.0,0.0
case_1174,0.9506365560065215,0.6056761268781301,0.0,1.0,0.0,1.0
case_1801,0.9038748395601345,0.7539232053422369,1.0,0.0,1.0,0.0
case_2043,0.6225760571686265,0.7699499165275459,1.0,0.0,0.0,1.0
case_1423,0.3163353800256703,0.2427378964941569,0.0,1.0,0.0,1.0
case_1163,0.715995420959517,0.24207011686143565,0.0,1.0,0.0,1.0
case_2454,0.7333055815728309,0.6647746243739565,1.0,0.0,1.0,0.0
case_0354,0.80625802199327,0.20033388981636058,1.0,0.0,0.0,1.0
case_1605,0.9728032747077391,0.9005008347245409,1.0,0.0,1.0,0.0
case_1000,0.8884032330800984,0.06811352253756259,1.0,0.0,1.0,0.0
case_0206,0.7093349984389634,0.19999999999999996,1.0,0.0,0.0,1.0
case_0712,0.6386720782599644,0.3913188647746244,1.0,0.0,0.0,1.0
case_0900,0.8456655219065459,0.07813021702838063,1.0,0.0,1.0,0.0
case_0472,0.8977694522496269,0.7953255425709516,1.0,0.0,0.0,1.0
case_1682,0.825059839733583,0.8704507512520869,0.0,1.0,0.0,1.0
case_2182,0.5654074305338744,0.25742904841402336,0.0,1.0,1.0,0.0
case_2258,0.7166198355708189,0.8924874791318864,0.0,1.0,1.0,0.0
case_0405,0.7376764838519443,0.07813021702838063,1.0,0.0,1.0,0.0
case_2211,0.2827557498178791,0.09549248747913186,0.0,1.0,1.0,0.0
case_1953,0.837270614354598,0.2931552587646077,1.0,0.0,1.0,0.0
case_0513,0.5356089776945224,0.3796327212020033,0.0,1.0,1.0,0.0
case_1063,0.6829014465605161,0.0674457429048414,1.0,0.0,1.0,0.0
case_1697,0.28105595448711274,0.20767946577629381,1.0,0.0,0.0,1.0
case_1802,0.6525826482117458,0.0006677796327211882,1.0,0.0,0.0,1.0
case_0654,0.8146529295452178,0.17729549248747922,1.0,0.0,0.0,1.0
case_1428,0.6732577097859644,0.3235392320534224,1.0,0.0,1.0,0.0
case_1180,0.9766191417768063,0.864440734557596,1.0,0.0,1.0,0.0
case_1031,0.42980539077947744,0.41068447412353926,1.0,0.0,0.0,1.0
case_0361,0.6703437749332222,0.18597662771285473,1.0,0.0,0.0,1.0
case_0266,0.8726541089950393,0.96661101836394,1.0,0.0,0.0,1.0
case_2412,0.9245499011343531,0.7515859766277129,1.0,0.0,1.0,0.0
case_2152,0.6279529607659484,0.695492487479132,1.0,0.0,0.0,1.0
case_2437,0.2943421098275921,0.13555926544240404,0.0,1.0,1.0,0.0
case_0148,0.782426197661914,0.4303839732888146,1.0,0.0,0.0,1.0
case_1070,0.6262184757345544,0.4350584307178631,1.0,0.0,1.0,0.0
case_1702,0.7628958962084156,0.043739565943238745,0.0,1.0,1.0,0.0
case_1622,0.1866999687792693,0.01402337228714523,1.0,0.0,0.0,1.0
case_0059,0.04280709057480836,0.05308848080133555,0.0,1.0,0.0,1.0
case_2073,0.673673986193499,0.082804674457429,1.0,0.0,0.0,1.0
case_1687,0.7423942831373365,0.10818030050083471,0.0,1.0,0.0,1.0
case_0920,0.9853262566344051,0.6310517529215358,0.0,1.0,0.0,1.0
case_1950,0.9174385125056369,0.5535893155258764,0.0,1.0,1.0,0.0
case_0321,0.8429944149581987,0.40567612687813026,1.0,0.0,1.0,0.0
case_0491,0.6406493911957538,0.47345575959933217,0.0,1.0,1.0,0.0
case_0590,0.7045478197523154,0.5101836393989984,1.0,0.0,0.0,1.0
case_1684,0.5648523953238282,0.04874791318864774,0.0,1.0,1.0,0.0
case_1018,0.966593818295348,0.9492487479131886,0.0,1.0,1.0,0.0
case_0647,0.0520345509418253,0.09816360601001667,0.0,1.0,0.0,1.0
case_0182,0.23741631109723516,0.1856427378964941,1.0,0.0,0.0,1.0
case_1041,0.7554029208727927,0.7432387312186979,1.0,0.0,1.0,0.0
case_2094,0.979082110521386,0.5469115191986643,0.0,1.0,1.0,0.0
case_1726,0.4241509695771325,0.3883138564273789,0.0,1.0,0.0,1.0
case_1710,0.7055538210705241,0.2701168614357262,0.0,1.0,0.0,1.0
case_1467,0.22589933048877786,0.0707846410684474,1.0,0.0,1.0,0.0
case_1221,0.5569778332812987,0.45475792988313857,0.0,1.0,1.0,0.0
case_2372,0.8505567696950774,0.8507512520868115,1.0,0.0,1.0,0.0
case_0575,0.8040725708537134,0.6243739565943238,0.0,1.0,0.0,1.0
case_2423,0.540777743088077,0.05075125208681136,0.0,1.0,0.0,1.0
case_0764,0.8231519061990493,0.2090150250417362,1.0,0.0,0.0,1.0
case_0465,0.8389704096853643,0.22838063439065104,1.0,0.0,1.0,0.0
case_1796,0.23901203732611787,0.1903171953255426,0.0,1.0,0.0,1.0
case_1522,0.8160058278697053,0.5649415692821369,1.0,0.0,0.0,1.0
case_0578,0.9112637457938737,0.5726210350584308,0.0,1.0,1.0,0.0
case_1756,0.4343150518611023,0.2761268781302171,0.0,1.0,1.0,0.0
case_1969,0.7266451590522773,0.6297161936560935,0.0,1.0,1.0,0.0
case_0493,0.7514136053005862,0.03405676126878132,0.0,1.0,0.0,1.0
case_2022,0.7231068095882331,0.8878130217028382,0.0,1.0,0.0,1.0
case_0133,0.49318347382662076,0.1088480801335559,1.0,0.0,1.0,0.0
case_0176,0.4700454435078224,0.22504173622704504,0.0,1.0,1.0,0.0
case_2306,0.8054254691782008,0.793322203672788,1.0,0.0,1.0,0.0
case_0063,0.6905678703992784,0.27445742904841397,1.0,0.0,0.0,1.0
case_1649,0.9118881604051756,0.038063439065108506,1.0,0.0,1.0,0.0
case_0883,0.8497589065806361,0.05275459098497498,1.0,0.0,1.0,0.0
case_0877,0.4420508551011204,0.318864774624374,0.0,1.0,0.0,1.0
case_2397,0.6219516425573246,0.4370617696160267,1.0,0.0,1.0,0.0
case_1701,0.7915842786276753,0.025041736227045086,0.0,1.0,1.0,0.0
case_1455,0.7473896000277517,0.8307178631051753,0.0,1.0,1.0,0.0
case_0144,0.06615325909737402,0.027378964941569273,0.0,1.0,1.0,0.0
case_0156,0.6202171575259305,0.06644407345575964,1.0,0.0,1.0,0.0
case_1155,0.7992507024664376,0.7475792988313856,0.0,1.0,1.0,0.0
case_0153,0.8141325840357996,0.21035058430717868,0.0,1.0,0.0,1.0
case_0899,0.9464737919311755,0.30617696160267116,1.0,0.0,0.0,1.0
case_2419,0.7657057619592742,0.15525876460767946,1.0,0.0,1.0,0.0
case_0862,0.7211294966524437,0.5969949916527546,1.0,0.0,0.0,1.0
case_1257,0.5547230027404864,0.4741235392320534,1.0,0.0,0.0,1.0
case_1924,0.24515211433725315,0.22470784641068453,1.0,0.0,0.0,1.0
case_0797,0.6816873070385401,0.28580968280467445,1.0,0.0,0.0,1.0
case_2162,0.4984216186214312,0.025375626043405652,1.0,0.0,0.0,1.0
case_1339,0.5817462795296076,0.22637729549248753,1.0,0.0,1.0,0.0
case_2369,0.961841329309328,0.4707846410684474,1.0,0.0,1.0,0.0
case_0196,0.43039511569015154,0.2667779632721202,0.0,1.0,0.0,1.0
case_1151,0.13119644777465567,0.11585976627712852,1.0,0.0,0.0,1.0
case_1288,0.5142054324071181,0.21969949916527542,1.0,0.0,0.0,1.0
case_0118,0.6210844000416276,0.2954924874791319,0.0,1.0,1.0,0.0
case_0542,0.8617615429978838,0.2838063439065108,1.0,0.0,0.0,1.0
case_1416,0.11513511638394547,0.03639398998330551,0.0,1.0,1.0,0.0
case_0470,0.2486210844000416,0.0564273789649416,1.0,0.0,1.0,0.0
case_0436,0.7495750511673083,0.682804674457429,0.0,1.0,1.0,0.0
case_0280,0.5909737398966246,0.019365609348914903,0.0,1.0,1.0,0.0
case_2313,0.4551635619384604,0.3325542570951586,0.0,1.0,0.0,1.0
case_0721,0.6758941270336836,0.32954924874791314,1.0,0.0,0.0,1.0
case_0228,0.4136399902868837,0.3035058430717863,1.0,0.0,0.0,1.0
case_1729,0.8874319214625177,0.7903171953255426,0.0,1.0,0.0,1.0
case_0494,0.42588545460852667,0.41202003338898163,1.0,0.0,0.0,1.0
case_2404,0.490720505082041,0.1061769616026711,0.0,1.0,0.0,1.0
case_0019,0.5862212509106045,0.21636060100166943,1.0,0.0,1.0,0.0
case_0886,0.6859888299163976,0.33823038397328886,1.0,0.0,0.0,1.0
case_2392,0.8643632705449751,0.7429048414023371,1.0,0.0,1.0,0.0
case_0768,0.8750476983383633,0.48113522537562603,0.0,1.0,0.0,1.0
case_1332,0.20629964963402359,0.07145242070116858,1.0,0.0,0.0,1.0
case_1940,0.8031706386373885,0.11151919866444071,0.0,1.0,1.0,0.0
case_1095,0.16685746002012003,0.07946577629382301,0.0,1.0,1.0,0.0
case_0905,0.6997606410656675,0.11452420701168614,0.0,1.0,0.0,1.0
case_2287,0.6374232490373607,0.29582637729549244,1.0,0.0,1.0,0.0
case_0279,0.7349706872029693,0.5956594323873121,1.0,0.0,0.0,1.0
case_0980,0.6868907621327227,0.52220367278798,0.0,1.0,1.0,0.0
case_2295,0.8857321261317513,0.7656093489148581,0.0,1.0,1.0,0.0
case_1058,0.0,0.04240400667779631,0.0,1.0,0.0,1.0
case_0343,0.5928122940299024,0.6287145242070117,1.0,0.0,0.0,1.0
case_2407,0.8895826829014464,0.985642737896494,1.0,0.0,0.0,1.0
case_1486,0.69185138932251,0.5278797996661102,1.0,0.0,1.0,0.0
case_1248,0.522947236965345,0.1669449081803005,1.0,0.0,0.0,1.0
case_2488,0.10840531446213608,0.007011686143572615,1.0,0.0,0.0,1.0
case_0014,0.37943594546779047,0.11919866444073451,1.0,0.0,0.0,1.0
case_1694,0.4491969334304644,0.14056761268781304,0.0,1.0,1.0,0.0
case_1817,0.9404377840219238,0.869449081803005,0.0,1.0,0.0,1.0
case_0694,0.5736982689839386,0.5946577629382305,0.0,1.0,0.0,1.0
case_0636,0.9271169389808165,0.6100166944908181,0.0,1.0,0.0,1.0
case_1499,0.7954348353973704,0.9939899833055093,0.0,1.0,0.0,1.0
case_1795,0.965969403684046,0.8173622704507513,1.0,0.0,1.0,0.0
case_0509,0.8951330350019078,0.5575959933222037,1.0,0.0,0.0,1.0
case_1877,0.8809796371457312,0.41736227045075125,0.0,1.0,0.0,1.0
case_1925,0.7014604363964339,0.14624373956594328,0.0,1.0,1.0,0.0
case_1673,0.5474381656086307,0.2998330550918197,1.0,0.0,0.0,1.0
case_1282,0.695424428487182,0.34357262103505837,0.0,1.0,0.0,1.0
case_1793,0.9021403545287403,0.8370617696160267,1.0,0.0,0.0,1.0
case_1023,0.7923127623408609,0.6544240400667779,1.0,0.0,0.0,1.0
case_1759,0.7072883061019182,0.5819699499165275,1.0,0.0,1.0,0.0
case_1407,0.8361952336351336,0.8580968280467445,0.0,1.0,1.0,0.0
case_1593,0.972525757102716,0.4237061769616026,1.0,0.0,1.0,0.0
case_2365,0.9368994345578796,0.18196994991652748,1.0,0.0,0.0,1.0
case_0867,0.7938044194678598,0.3679465776293823,1.0,0.0,1.0,0.0
case_1036,0.9511222118153119,0.38697829716193655,0.0,1.0,0.0,1.0
case_0445,0.8013320845041105,0.9388981636060099,0.0,1.0,1.0,0.0
case_0447,0.7303916467200887,0.252754590984975,0.0,1.0,0.0,1.0
case_2155,0.7426024213411038,0.9368948247078464,1.0,0.0,0.0,1.0
case_0421,0.5778957227599124,0.35158597662771285,0.0,1.0,1.0,0.0
case_0147,0.7483609116453325,0.5028380634390651,1.0,0.0,1.0,0.0
case_0286,0.8139938252332881,0.8898163606010017,0.0,1.0,1.0,0.0
case_1677,0.8601311270683732,0.5145242070116861,1.0,0.0,1.0,0.0
case_1510,0.8803205328338015,0.8036727879799666,1.0,0.0,1.0,0.0
case_1856,0.8998508342873,0.19198664440734559,0.0,1.0,0.0,1.0
case_0257,0.28941617233843264,0.02070116861435728,0.0,1.0,1.0,0.0
case_1685,0.871231831269296,0.3175292153589315,1.0,0.0,0.0,1.0
case_0802,0.8123287196031497,0.9903171953255425,1.0,0.0,1.0,0.0
case_2236,0.7456204252957296,0.7342237061769616,1.0,0.0,1.0,0.0
case_0988,0.8406702050161305,0.08948247078464105,0.0,1.0,1.0,0.0
case_1951,0.7397578658896172,0.353923205342237,0.0,1.0,0.0,1.0
case_0983,0.41728240885281154,0.16794657762938225,0.0,1.0,0.0,1.0
case_1438,0.9529954556492176,0.6233722871452421,0.0,1.0,0.0,1.0
case_0675,0.501474312276685,0.2056761268781302,0.0,1.0,1.0,0.0
case_0755,0.4428140285149338,0.20100166944908182,1.0,0.0,0.0,1.0
case_0000,0.5630138411905503,0.5629382303839733,1.0,0.0,0.0,1.0
case_0697,0.7364623443299683,0.5035058430717864,0.0,1.0,0.0,1.0
case_2350,0.5182294376799528,0.3168614357262103,0.0,1.0,1.0,0.0
case_0929,0.7965449058174627,0.7232053422370617,1.0,0.0,0.0,1.0
case_1676,0.9667672667984873,0.5559265442404007,1.0,0.0,0.0,1.0
case_1660,0.8206195580532138,0.3575959933222037,1.0,0.0,1.0,0.0
case_1598,0.6152912200367711,0.49515859766277126,1.0,0.0,0.0,1.0
case_0329,0.7748638429250354,0.9378964941569283,0.0,1.0,1.0,0.0
case_0888,0.1471537100634821,0.03305509181969951,0.0,1.0,1.0,0.0
case_0242,0.34901307801713666,0.01702838063439066,1.0,0.0,0.0,1.0
case_1361,0.9088701564505497,0.9465776293823038,0.0,1.0,0.0,1.0
case_1033,0.22621153779442882,0.21202003338898168,1.0,0.0,0.0,1.0
case_0169,0.9242723835293299,0.9115191986644406,1.0,0.0,0.0,1.0
case_2418,0.7360460679224337,0.6293823038397328,1.0,0.0,1.0,0.0
case_0352,0.8638429250355568,0.5298831385642737,0.0,1.0,1.0,0.0
case_1409,0.7762861206507786,0.8273789649415693,1.0,0.0,0.0,1.0
case_0815,0.7676830748950636,0.8731218697829717,1.0,0.0,1.0,0.0
case_0495,0.6298608943004821,0.5979966611018365,0.0,1.0,0.0,1.0
case_0128,0.7644916224372983,0.05041736227045074,1.0,0.0,0.0,1.0
case_0254,0.9136573351371976,0.698831385642738,0.0,1.0,1.0,0.0
case_0570,0.9016893884205778,0.4230383973288815,0.0,1.0,0.0,1.0
case_1429,0.9559093905019598,0.6654424040066779,0.0,1.0,0.0,1.0
case_0632,0.8719950046831094,0.17328881469115198,0.0,1.0,0.0,1.0
case_2448,0.6023519617025704,0.23238731218697828,0.0,1.0,1.0,0.0
case_1699,0.9738786554272035,0.8196994991652753,0.0,1.0,1.0,0.0
case_0975,0.510701772643702,0.0994991652754591,1.0,0.0,0.0,1.0
case_1425,0.6719395011621048,0.03105175292153589,1.0,0.0,0.0,1.0
case_1974,0.9643389877545355,0.8871452420701169,1.0,0.0,0.0,1.0
case_0965,0.8675547230027404,0.876126878130217,1.0,0.0,0.0,1.0
case_2308,0.6992402955562492,0.517195325542571,0.0,1.0,1.0,0.0
case_0653,0.5943039511569014,0.16193656093489145,0.0,1.0,1.0,0.0
case_0827,0.8237069414090955,0.0580968280467446,1.0,0.0,0.0,1.0
case_0320,0.7565823706941408,0.7131886477462437,1.0,0.0,0.0,1.0
case_0058,0.7484996704478439,0.6103505843071786,1.0,0.0,0.0,1.0
case_1005,0.9324244631768827,0.22737896494156928,1.0,0.0,0.0,1.0
case_0385,0.5147604676171644,0.0580968280467446,1.0,0.0,0.0,1.0
case_2084,0.7248066049189994,0.5368948247078463,1.0,0.0,0.0,1.0
case_1678,0.9952475110139798,0.8053422370617696,1.0,0.0,0.0,1.0
case_0326,0.18753252159433864,0.11986644407345576,1.0,0.0,0.0,1.0
case_2473,0.20178998855239882,0.16994991652754587,1.0,0.0,0.0,1.0
case_1285,0.9288167343115827,0.33322203672787987,0.0,1.0,1.0,0.0
case_0336,0.5170152981579768,0.18764607679465783,0.0,1.0,0.0,1.0
case_1007,0.8664793422832759,0.4487479131886477,1.0,0.0,1.0,0.0
case_1977,0.47230027404863495,0.10984974958263771,0.0,1.0,0.0,1.0
case_2247,0.680230339612169,0.130550918196995,0.0,1.0,0.0,1.0
case_0956,0.728795920491206,0.12854757929883143,1.0,0.0,0.0,1.0
case_0135,0.9252090054462829,0.44607679465776295,1.0,0.0,1.0,0.0
case_2083,0.8128490651125679,0.07879799666110182,1.0,0.0,1.0,0.0
case_1162,0.8377215804627605,0.29782971619365617,1.0,0.0,0.0,1.0
case_1293,0.667707357685503,0.30918196994991654,0.0,1.0,1.0,0.0
case_0461,0.6743677802060567,0.21368948247078468,1.0,0.0,0.0,1.0
case_0423,0.8845179866097754,0.3388981636060101,1.0,0.0,0.0,1.0
case_0318,0.7625489992021368,0.03238731218697832,0.0,1.0,1.0,0.0
case_0256,0.7943247649772781,0.21335559265442405,1.0,0.0,1.0,0.0
case_1674,0.27869705484441665,0.21101836393989992,1.0,0.0,0.0,1.0
case_2213,0.5923613279217399,0.4904841402337229,0.0,1.0,1.0,0.0
case_2381,0.5241960661879488,0.4013355592654424,0.0,1.0,0.0,1.0
case_0365,0.5311686960141533,0.14190317195325536,0.0,1.0,1.0,0.0
case_0079,0.7009747805876434,0.6858096828046745,0.0,1.0,0.0,1.0
case_0202,0.5685988829916396,0.01669449081803004,0.0,1.0,1.0,0.0
case_1846,0.6315259999306205,0.2360601001669449,1.0,0.0,0.0,1.0
case_1116,0.8613799562909771,0.06110183639398997,1.0,0.0,0.0,1.0
case_1393,0.9705831338675546,0.7435726210350584,0.0,1.0,0.0,1.0
case_2108,0.8606167828771636,0.7742904841402336,1.0,0.0,0.0,1.0
case_2401,0.839351996392271,0.1869782971619366,0.0,1.0,0.0,1.0
case_0939,0.8657855482707183,0.9606010016694491,0.0,1.0,1.0,0.0
case_0915,0.6844624830887709,0.22804674457429053,1.0,0.0,0.0,1.0
case_0052,0.637943594546779,0.16393989983305512,1.0,0.0,1.0,0.0
case_1411,0.8238457002116071,0.9128547579298831,0.0,1.0,0.0,1.0
case_1449,0.8777188052867102,0.5415692821368948,0.0,1.0,0.0,1.0
case_1818,0.5888229784576957,0.1956594323873122,1.0,0.0,1.0,0.0
case_2104,0.4057307385437263,0.1055091819699499,0.0,1.0,1.0,0.0
case_0708,0.7313282686370415,0.5512520868113523,1.0,0.0,1.0,0.0
case_1810,0.8935026190723973,0.4871452420701169,1.0,0.0,1.0,0.0
case_2177,0.5402920872792867,0.03873121869782975,0.0,1.0,0.0,1.0
case_0751,0.7269573663579282,0.5692821368948248,0.0,1.0,0.0,1.0
case_0894,0.9299961841329307,0.8063439065108515,0.0,1.0,0.0,1.0
case_0517,0.7191174940160265,0.664440734557596,1.0,0.0,0.0,1.0
case_1621,0.15443854719533767,0.006343906510851427,1.0,0.0,0.0,1.0
case_0457,0.7326117875602732,0.810016694490818,0.0,1.0,0.0,1.0
case_0875,0.864675477850626,0.27445742904841397,0.0,1.0,1.0,0.0
case_0782,0.5419571929094251,0.12186978297161938,1.0,0.0,1.0,0.0
case_1577,0.7630346550109272,0.10083472454090153,0.0,1.0,1.0,0.0
case_0341,0.7460367017032642,0.39065108514190316,0.0,1.0,0.0,1.0
case_0039,0.29024872515350186,0.08848080133555924,1.0,0.0,0.0,1.0
case_2494,0.7789919172997536,0.43939899833055096,0.0,1.0,1.0,0.0
case_1507,0.977312935789364,0.5125208681135226,0.0,1.0,0.0,1.0
case_1762,0.7816977139487284,0.05609348914858098,0.0,1.0,0.0,1.0
case_1175,0.5772366184479827,0.47646076794657766,1.0,0.0,0.0,1.0
case_0114,0.7667464529781107,0.2631051752921535,0.0,1.0,0.0,1.0
case_0528,0.8929128941617233,0.18831385642737897,0.0,1.0,1.0,0.0
case_2326,0.8684219655184374,0.8093489148580968,1.0,0.0,1.0,0.0
case_0537,0.6752350227217538,0.40901502504173626,1.0,0.0,0.0,1.0
case_1813,0.7444062857737537,0.67779632721202,1.0,0.0,0.0,1.0
case_1362,0.5507336871682796,0.12587646076794656,1.0,0.0,1.0,0.0
case_0710,0.5034516252124743,0.1592654424040067,0.0,1.0,0.0,1.0
case_1919,0.9476185520518956,0.9632721202003338,1.0,0.0,0.0,1.0
case_1777,0.9806084573490129,0.9028380634390651,0.0,1.0,0.0,1.0
case_1857,0.858431331737607,0.045409015025041743,0.0,1.0,1.0,0.0
case_1539,0.1916259062684288,0.09482470784641062,1.0,0.0,0.0,1.0
case_1661,0.8167690012835188,0.20267111853088482,0.0,1.0,0.0,1.0
case_1073,0.44968258923925486,0.18430717863105173,0.0,1.0,0.0,1.0
case_1905,0.4970340305963159,0.44273789649415696,1.0,0.0,0.0,1.0
case_1350,0.6572310680958822,0.1609348914858097,0.0,1.0,0.0,1.0
case_1939,0.6390883546674991,0.31452420701168615,0.0,1.0,0.0,1.0
case_0898,0.9426926145627361,0.7823038397328881,1.0,0.0,0.0,1.0
case_0776,0.8943351718874665,0.7355592654424039,0.0,1.0,0.0,1.0
case_1330,0.7831893710757275,0.011018363939899856,0.0,1.0,1.0,0.0
case_1959,0.3615707496444305,0.14223706176961604,0.0,1.0,1.0,0.0
case_1436,0.8438616574738959,0.9906510851419033,1.0,0.0,1.0,0.0
case_0824,0.7255003989315572,0.40367278797996664,0.0,1.0,1.0,0.0
case_0728,0.869740174142297,0.9302170283806344,0.0,1.0,0.0,1.0
case_0809,0.6982689839386684,0.6250417362270451,0.0,1.0,1.0,0.0
case_0139,0.4348700870711485,0.24507512520868113,0.0,1.0,1.0,0.0
case_2321,0.7739966004093384,0.0994991652754591,1.0,0.0,0.0,1.0
case_1867,0.7664342456724598,0.9358931552587646,0.0,1.0,0.0,1.0
case_0979,0.13435321053179294,0.04040066777963275,1.0,0.0,1.0,0.0
case_1722,0.5925000867242514,0.6611018363939899,1.0,0.0,0.0,1.0
case_1223,0.6645159052277377,0.057429048414023354,0.0,1.0,0.0,1.0
case_0215,0.8050091927706663,0.7719532554257096,1.0,0.0,0.0,1.0
case_0819,0.7548825753633746,0.4774624373956594,0.0,1.0,0.0,1.0
case_1188,0.6949734623790196,0.009348914858096857,0.0,1.0,0.0,1.0
case_1204,0.7138793492212161,0.09048414023372287,0.0,1.0,0.0,1.0
case_0166,0.809553543552919,0.598330550918197,0.0,1.0,0.0,1.0
case_1787,0.2506330870364588,0.1469115191986644,1.0,0.0,0.0,1.0
case_2386,0.4563430117598084,0.2647746243739566,0.0,1.0,0.0,1.0
case_1480,0.9753356228535747,0.6300500834724542,1.0,0.0,0.0,1.0
case_0973,0.6059943802684982,0.07412353923205345,1.0,0.0,1.0,0.0
case_1898,0.7206091511430255,0.26010016694490823,1.0,0.0,1.0,0.0
case_1912,0.6852256565025843,0.7612687813021703,0.0,1.0,1.0,0.0
case_1909,0.7320914420508551,0.5235392320534222,0.0,1.0,0.0,1.0
case_0024,0.6052312068546848,0.026377295492487463,1.0,0.0,1.0,0.0
case_0783,0.8773025288791756,0.5355592654424041,1.0,0.0,1.0,0.0
case_1709,0.8892357858951676,0.33288814691151913,0.0,1.0,0.0,1.0
case_1091,0.4852742220834634,0.37161936560934883,0.0,1.0,0.0,1.0
case_0081,0.6733617788878481,0.011686143572621044,0.0,1.0,1.0,0.0
case_0324,0.7672321087869011,0.7198664440734557,0.0,1.0,0.0,1.0
case_0817,0.9212890692753319,0.6096828046744575,0.0,1.0,1.0,0.0
case_1133,0.3739202830679571,0.023706176961602654,1.0,0.0,0.0,1.0
case_0521,0.861102438685954,0.8497495826377295,1.0,0.0,1.0,0.0
case_2202,0.896555312727651,0.24373956594323865,1.0,0.0,1.0,0.0
case_0841,0.7305650952232281,0.41903171953255425,0.0,1.0,0.0,1.0
case_1355,0.5374822215284281,0.575626043405676,1.0,0.0,0.0,1.0
case_1068,0.7998404273771116,0.7959933222036728,1.0,0.0,0.0,1.0
case_2322,0.3933812051201997,0.2580968280467446,0.0,1.0,1.0,0.0
case_1328,0.6530683040205362,0.023038397328881466,0.0,1.0,1.0,0.0
case_1351,0.719568460124189,0.7081803005008347,0.0,1.0,1.0,0.0
case_2181,0.5143441912096298,0.12921535893155256,0.0,1.0,0.0,1.0
case_2451,0.3185555208658549,0.06677796327212021,0.0,1.0,0.0,1.0
case_0312,0.12883754813195958,0.01402337228714523,0.0,1.0,1.0,0.0
case_1915,0.7291775071981128,0.9459098497495826,1.0,0.0,0.0,1.0
case_0508,0.883754813195962,0.9896494156928213,1.0,0.0,0.0,1.0
case_1823,0.9384257813855065,0.2831385642737896,1.0,0.0,0.0,1.0
case_0648,0.9986124119748845,0.987312186978297,0.0,1.0,1.0,0.0
case_0032,0.7375030353488048,0.5365609348914858,0.0,1.0,1.0,0.0
case_1941,0.761855205189579,0.7672787979966611,1.0,0.0,1.0,0.0
case_0625,0.8291532244076733,0.9041736227045076,0.0,1.0,1.0,0.0
case_1511,0.6115447323689596,0.7111853088480802,1.0,0.0,0.0,1.0
case_1208,0.9608353279911193,0.5515859766277128,1.0,0.0,1.0,0.0
case_2179,0.7712561140597356,0.3191986644407345,1.0,0.0,1.0,0.0
case_2496,0.7583515454261629,0.8080133555926545,0.0,1.0,0.0,1.0
case_2029,0.14583550143962254,0.06343906510851416,0.0,1.0,0.0,1.0
case_0434,0.7730946681930133,0.6534223706176963,0.0,1.0,0.0,1.0
case_0347,0.7972386998300203,0.7973288814691151,1.0,0.0,0.0,1.0
case_0186,0.8723765913900161,0.7115191986644407,0.0,1.0,0.0,1.0
case_1487,0.8733479030075969,0.7626043405676128,1.0,0.0,1.0,0.0
case_1011,0.3439483817254656,0.09081803005008349,0.0,1.0,1.0,0.0
case_1492,0.422520553647622,0.2888146911519198,0.0,1.0,0.0,1.0
case_0048,0.8336628854892981,0.988313856427379,0.0,1.0,1.0,0.0
case_0693,0.5728657161688693,0.2597662771285476,1.0,0.0,1.0,0.0
case_1444,0.49932355083775615,0.1475792988313856,1.0,0.0,1.0,0.0
case_2068,0.6110590765601691,0.3051752921535893,1.0,0.0,1.0,0.0
case_2302,0.7893988274881186,0.9222036727879799,0.0,1.0,0.0,1.0
case_1216,0.8536788427515869,0.17228714524207012,1.0,0.0,0.0,1.0
case_2119,0.38772678391785464,0.09248747913188649,1.0,0.0,0.0,1.0
case_0661,0.4505498317549519,0.43439065108514185,0.0,1.0,0.0,1.0
case_0849,0.3566101224546431,0.0657762938230384,1.0,0.0,1.0,0.0
case_1686,0.6623998334894369,0.12253756260434051,1.0,0.0,0.0,1.0
case_0426,0.5687376417941512,0.3826377295492488,0.0,1.0,1.0,0.0
case_0401,0.9012037326117874,0.24874791318864775,1.0,0.0,0.0,1.0
case_1947,0.8931557220661184,0.6681135225375625,1.0,0.0,1.0,0.0
case_1985,0.8519790474208206,0.5769616026711185,0.0,1.0,0.0,1.0
case_0173,0.9456412391161063,0.8,1.0,0.0,0.0,1.0
case_2248,0.9445658583966419,0.2210350584307178,0.0,1.0,0.0,1.0
case_0127,0.7580393381205119,0.4253756260434056,1.0,0.0,0.0,1.0
case_1931,0.3481458355014395,0.11786310517529214,0.0,1.0,1.0,0.0
case_0545,0.6978527075311338,0.7302170283806344,1.0,0.0,0.0,1.0
case_1370,0.7850973046102611,0.8367278797996662,1.0,0.0,0.0,1.0
case_0160,0.5422694002150761,0.0691151919866444,0.0,1.0,0.0,1.0
case_0859,0.993408956880702,0.9599332220367278,1.0,0.0,0.0,1.0
case_1712,0.6879314531515592,0.4654424040066778,0.0,1.0,1.0,0.0
case_0301,0.35376556700315664,0.3225375626043405,1.0,0.0,0.0,1.0
case_0140,0.7794081937072882,0.24540901502504164,1.0,0.0,1.0,0.0
case_2307,0.7544662989558399,0.12320534223706175,0.0,1.0,0.0,1.0
case_1550,0.583688902764769,0.133889816360601,1.0,0.0,0.0,1.0
case_1140,0.8107329933742671,0.7649415692821369,1.0,0.0,1.0,0.0
case_0879,0.9263884552676309,0.7442404006677796,1.0,0.0,0.0,1.0
case_1385,0.8972144170395808,0.1485809682804674,0.0,1.0,1.0,0.0
case_0372,0.5996808547542234,0.4534223706176962,1.0,0.0,0.0,1.0
case_0527,0.9143164394491274,0.5442404006677797,1.0,0.0,1.0,0.0
case_0467,0.5528150692059526,0.08781302170283806,0.0,1.0,0.0,1.0
case_0948,0.33649009609047065,0.020367278797996657,0.0,1.0,0.0,1.0
case_2411,0.7762514309501507,0.46143572621035056,1.0,0.0,1.0,0.0
case_1100,0.5899330488777881,0.3071786310517529,1.0,0.0,0.0,1.0
case_0226,0.645054983175495,0.6283806343906512,0.0,1.0,0.0,1.0
case_1258,0.6556006521663718,0.2534223706176961,0.0,1.0,1.0,0.0
case_2231,0.6177541887813507,0.11719532554257095,1.0,0.0,1.0,0.0
case_1569,0.7694175599264577,0.31085141903171953,1.0,0.0,0.0,1.0
case_1475,0.4882922260380892,0.20434056761268782,1.0,0.0,1.0,0.0
case_0998,0.6684705310993164,0.5248747913188647,1.0,0.0,1.0,0.0
case_1250,0.9437333055815726,0.9559265442404006,1.0,0.0,0.0,1.0
case_2165,0.5539598293266729,0.5158597662771286,0.0,1.0,0.0,1.0
case_2218,0.5022027959898705,0.10083472454090153,0.0,1.0,1.0,0.0
case_1843,0.8072640233114787,0.45275459098497495,1.0,0.0,0.0,1.0
case_0244,0.8201685919450514,0.9956594323873122,1.0,0.0,1.0,0.0
case_1551,0.6755125403267769,0.847746243739566,0.0,1.0,0.0,1.0
case_1626,0.8784819787005237,0.4010016694490818,1.0,0.0,0.0,1.0
case_0224,0.18874666111631455,0.013021702838063476,1.0,0.0,1.0,0.0
case_0923,0.5844173864779546,0.14924874791318865,0.0,1.0,0.0,1.0
case_1457,0.8510424255038678,0.3101836393989983,0.0,1.0,0.0,1.0
case_2103,0.0838103167169667,0.08180300500834725,1.0,0.0,0.0,1.0
case_0108,0.7145384535331458,0.09983305509181967,0.0,1.0,1.0,0.0
case_1202,0.3805113261872549,0.19799666110183634,1.0,0.0,0.0,1.0
case_1547,0.3135948936760675,0.04774624373956593,1.0,0.0,1.0,0.0
case_1628,0.960314982481701,0.5215358931552587,0.0,1.0,1.0,0.0
case_0230,0.3867901620009019,0.1565943238731219,1.0,0.0,1.0,0.0
case_1292,0.9650327817670932,0.3746243739565943,1.0,0.0,0.0,1.0
case_1942,0.48659243070732283,0.10684474123539234,0.0,1.0,0.0,1.0
case_1979,0.6235473687862072,0.03706176961602675,1.0,0.0,0.0,1.0
case_0198,0.6375966975405001,0.08380634390651082,1.0,0.0,1.0,0.0
case_1255,0.8131612724182189,0.8310517529215358,1.0,0.0,1.0,0.0
case_0711,0.5592326638221111,0.15459098497495832,1.0,0.0,0.0,1.0
case_0522,0.18121899608006375,0.0657762938230384,0.0,1.0,1.0,0.0
case_1291,0.8850036424185658,0.4317195325542571,1.0,0.0,0.0,1.0
case_1601,0.7844382002983312,0.16026711185308845,1.0,0.0,0.0,1.0
case_1611,0.48406008256148747,0.30417362270450743,1.0,0.0,1.0,0.0
case_1820,0.2037673014881881,0.15225375626043408,1.0,0.0,0.0,1.0
case_0088,0.7065598223887326,0.27579298831385646,0.0,1.0,0.0,1.0
case_0679,0.2774135359211849,0.01602671118530885,1.0,0.0,1.0,0.0
case_1523,0.6623998334894369,0.4280467445742905,1.0,0.0,1.0,0.0
case_0390,0.41870468657855475,0.1459098497495826,1.0,0.0,1.0,0.0
case_0190,0.7963714573143232,0.6053422370617696,1.0,0.0,0.0,1.0
case_0010,0.8086863010372218,0.7125208681135227,1.0,0.0,1.0,0.0
case_1229,0.558053214000763,0.024707846410684464,0.0,1.0,0.0,1.0
case_1123,0.9127207132202447,0.2547579298831386,0.0,1.0,0.0,1.0
case_0100,0.798244701148229,0.8868113522537562,1.0,0.0,0.0,1.0
case_0515,0.46036701703264293,0.2814691151919866,1.0,0.0,1.0,0.0
case_2260,0.6696499809206646,0.6136894824707846,0.0,1.0,0.0,1.0
case_0874,0.6638914906164359,0.0,0.0,1.0,0.0,1.0
case_2077,0.6254553023207409,0.3105175292153589,1.0,0.0,1.0,0.0
case_1542,0.4037534256079369,0.18998330550918197,1.0,0.0,0.0,1.0
case_1657,0.6820688937454469,0.9225375626043406,0.0,1.0,0.0,1.0
case_1826,0.8981163492559058,0.6621035058430718,0.0,1.0,0.0,1.0
case_1357,0.9657612654802787,0.4063439065108514,1.0,0.0,0.0,1.0
case_0577,0.7195337704235611,0.8023372287145241,0.0,1.0,0.0,1.0
case_0663,0.3874492663128316,0.13021702838063443,0.0,1.0,1.0,0.0
case_1874,0.6514031983903978,0.4904841402337229,1.0,0.0,0.0,1.0
case_0596,0.9408193707288305,0.4587646076794658,0.0,1.0,0.0,1.0
case_0289,0.7246678461164879,0.5903171953255425,0.0,1.0,0.0,1.0
case_0241,0.9272903874839559,0.8173622704507513,1.0,0.0,0.0,1.0
case_2198,0.9076213272279459,0.5532554257095158,0.0,1.0,1.0,0.0
case_1129,0.7170014222777257,0.23505843071786314,1.0,0.0,0.0,1.0
case_1372,0.6347868317896416,0.29616026711185306,0.0,1.0,1.0,0.0
case_1305,0.8304367433309049,0.6090150250417362,0.0,1.0,1.0,0.0
case_0097,0.8460471086134526,0.687813021702838,1.0,0.0,1.0,0.0
case_1861,0.7575883720123494,0.03739565943238726,1.0,0.0,1.0,0.0
case_1432,0.8254761161411176,0.008681135225375614,0.0,1.0,1.0,0.0
case_1565,0.4648072987130121,0.03272120200333889,0.0,1.0,1.0,0.0
case_1645,0.17448919415825437,0.04307178631051756,1.0,0.0,1.0,0.0
case_0685,0.579526138689423,0.6217028380634391,0.0,1.0,0.0,1.0
case_2395,0.26600062441461125,0.2006677796327212,0.0,1.0,0.0,1.0
case_0276,0.6017969264925243,0.6684474123539232,1.0,0.0,0.0,1.0
case_0917,0.6357581434072224,0.1856427378964941,1.0,0.0,1.0,0.0
case_1999,0.8440004162764074,0.4641068447412353,1.0,0.0,0.0,1.0
case_1286,0.4921080931071564,0.20634390651085144,0.0,1.0,1.0,0.0
case_0788,0.856627467304957,0.1409015025041736,0.0,1.0,0.0,1.0
case_2161,0.6602837617511359,0.5212020033388981,1.0,0.0,1.0,0.0
case_1968,0.710063482152149,0.05175292153589317,1.0,0.0,1.0,0.0
case_0614,0.5678357095778261,0.012353923205342232,1.0,0.0,1.0,0.0
case_0043,0.7768758455614526,0.9118530884808014,1.0,0.0,0.0,1.0
case_1344,0.6102959031463557,0.3762938230383973,1.0,0.0,1.0,0.0
case_0069,0.644187740659798,0.31085141903171953,1.0,0.0,1.0,0.0
case_1618,0.9074478787248065,0.7372287145242069,1.0,0.0,0.0,1.0
case_1790,0.585180559891768,0.6237061769616027,1.0,0.0,0.0,1.0
case_0984,0.8306448815346722,0.5996661101836395,1.0,0.0,1.0,0.0
case_1623,0.800326083185902,0.5422370617696161,0.0,1.0,0.0,1.0
case_2214,0.6360009713116175,0.7202003338898162,0.0,1.0,0.0,1.0
case_0801,0.3202553161966212,0.13088480801335556,1.0,0.0,1.0,0.0
case_1815,0.5468137509973288,0.31953255425709515,1.0,0.0,1.0,0.0
case_1597,0.7641100357303915,0.687145242070117,1.0,0.0,0.0,1.0
case_1708,0.7086412044264057,0.9796327212020035,1.0,0.0,0.0,1.0
case_1056,0.8678669303083912,0.7242070116861437,0.0,1.0,0.0,1.0
case_1489,0.6940021507614389,0.09215358931552586,0.0,1.0,0.0,1.0
case_2210,0.6591736913310438,0.12420701168614351,0.0,1.0,1.0,0.0
case_1928,0.7498525687723314,0.2193656093489148,0.0,1.0,0.0,1.0
case_0073,0.713289624310542,0.08647746243739568,1.0,0.0,0.0,1.0
case_0340,0.7780899850834286,0.8597662771285475,0.0,1.0,0.0,1.0
case_0487,0.5075450098865646,0.40601001669449077,0.0,1.0,0.0,1.0
case_1583,0.058486835258611536,0.07979966611018363,1.0,0.0,0.0,1.0
case_2495,0.772296805078572,0.17395659432387311,1.0,0.0,0.0,1.0
case_2123,0.804523536961876,0.4838063439065109,0.0,1.0,0.0,1.0
case_2069,0.868838241925972,0.8180300500834723,1.0,0.0,1.0,0.0
case_1544,0.12349533423526549,0.16828046744574288,1.0,0.0,0.0,1.0
case_2468,0.2132722794602282,0.08981636060100173,1.0,0.0,0.0,1.0
case_0950,0.8656120997675789,0.6580968280467445,1.0,0.0,0.0,1.0
case_0304,0.306587574149235,0.10417362270450753,1.0,0.0,1.0,0.0
case_1260,0.9478613799562908,0.4300500834724541,0.0,1.0,1.0,0.0
case_1303,0.8633919589273943,0.9001669449081802,0.0,1.0,1.0,0.0
case_1690,0.3072119887605369,0.16627712854757926,0.0,1.0,1.0,0.0
case_0550,0.821486800568911,0.2517529215358931,1.0,0.0,1.0,0.0
case_1237,0.8119124431956151,0.8130217028380635,1.0,0.0,1.0,0.0
case_2328,0.4878759496305546,0.48480801335559265,0.0,1.0,0.0,1.0
case_1345,0.06761022652374504,0.05909849749582635,0.0,1.0,0.0,1.0
case_2114,0.48419884136399893,0.48347245409015016,0.0,1.0,0.0,1.0
case_2208,0.8023380858223192,0.08447412353923206,1.0,0.0,1.0,0.0
case_1119,0.7150241093419363,0.18330550918196997,0.0,1.0,0.0,1.0
case_2375,0.7080861692163596,0.6874791318864775,1.0,0.0,0.0,1.0
case_1446,0.9158080965761264,0.15091819699499165,0.0,1.0,0.0,1.0
case_1556,0.6583758282166023,0.44140233722871447,1.0,0.0,1.0,0.0
case_0035,0.8592638845526761,0.5782971619365609,1.0,0.0,0.0,1.0
case_0248,0.9276719741908626,0.8697829716193655,1.0,0.0,0.0,1.0
case_0621,0.48700870711485755,0.23973288814691152,1.0,0.0,1.0,0.0
case_0503,0.6810628924272383,0.5595993322203673,0.0,1.0,0.0,1.0
case_2033,0.7217539112637457,0.6667779632721202,0.0,1.0,1.0,0.0
case_1827,0.8753599056440142,0.19632721202003334,1.0,0.0,0.0,1.0
case_2458,0.8576681583237935,0.042737896494156935,0.0,1.0,0.0,1.0
case_0375,0.3580670898810142,0.11452420701168614,0.0,1.0,0.0,1.0
case_0216,0.6823811010510978,0.3759599332220368,0.0,1.0,1.0,0.0
case_2447,0.8737988691157594,0.5335559265442403,1.0,0.0,1.0,0.0
case_2383,0.8382766156728065,0.4046744574290484,0.0,1.0,0.0,1.0
case_1207,0.4766364866271203,0.08881469115191981,1.0,0.0,1.0,0.0
case_0349,0.7822527491587746,0.24073455759599338,0.0,1.0,1.0,0.0
case_0571,0.44905817462795283,0.2968280467445743,0.0,1.0,0.0,1.0
case_0966,0.5173275054636277,0.3606010016694491,1.0,0.0,0.0,1.0
case_0676,0.6650362507371561,0.05709515859766273,1.0,0.0,1.0,0.0
case_2148,0.6294446178929475,0.11752921535893152,0.0,1.0,1.0,0.0
case_0071,0.4541228709196239,0.27378964941569284,0.0,1.0,0.0,1.0
case_1464,0.8425434488500363,0.5786310517529215,0.0,1.0,0.0,1.0
case_2241,0.7868664793422832,0.1769616026711185,1.0,0.0,1.0,0.0
case_2058,0.7984181496513684,0.9262103505843071,0.0,1.0,1.0,0.0
case_1006,0.46078329344017754,0.11352253756260439,1.0,0.0,1.0,0.0
case_0718,0.9097373989662467,0.6454090150250418,0.0,1.0,0.0,1.0
case_0086,0.7786797099941026,0.08514190317195325,0.0,1.0,0.0,1.0
case_0930,0.6541783744406284,0.09849749582637729,1.0,0.0,1.0,0.0
case_0309,0.8101085787629652,0.01869782971619366,1.0,0.0,1.0,0.0
case_2166,0.9106740208831996,0.5208681135225376,1.0,0.0,1.0,0.0
case_0328,0.8596801609602107,0.6520868113522538,0.0,1.0,1.0,0.0
case_0033,0.866167134977625,0.9993322203672788,0.0,1.0,0.0,1.0
case_0997,0.6419329101189856,0.13255425709515856,1.0,0.0,1.0,0.0
case_0091,0.3665660665348457,0.046410684474123554,0.0,1.0,1.0,0.0
case_0376,0.8571825025150032,0.862771285475793,0.0,1.0,1.0,0.0
case_1072,0.9762028653692717,0.861769616026711,1.0,0.0,0.0,1.0
case_1002,0.6916779408193706,0.7238731218697831,0.0,1.0,1.0,0.0
case_1296,0.6890762132722794,0.4637729549248748,0.0,1.0,1.0,0.0
case_2024,0.060845734901307735,0.09415692821368948,1.0,0.0,0.0,1.0
case_1624,0.36847400006937936,0.32220367278798,1.0,0.0,0.0,1.0
case_2085,0.7932493842578137,0.26878130217028373,0.0,1.0,1.0,0.0
case_0935,0.9026953897387864,0.2093489148580968,1.0,0.0,0.0,1.0
case_1899,0.33177229680507847,0.22671118530884804,1.0,0.0,0.0,1.0
case_2336,0.8863565407430533,0.6781302170283805,0.0,1.0,0.0,1.0
case_0544,0.9355465362333921,0.2173622704507513,0.0,1.0,1.0,0.0
case_2139,0.18680403788115296,0.10250417362270453,0.0,1.0,1.0,0.0
case_1561,0.8163180351753563,0.9836393989983305,1.0,0.0,0.0,1.0
case_2465,0.7447184930794046,0.8277128547579298,0.0,1.0,0.0,1.0
case_0444,0.9813369410621985,0.8070116861435725,1.0,0.0,0.0,1.0
case_0056,0.712422381794845,0.7702838063439066,1.0,0.0,0.0,1.0
case_0543,0.9064418774065979,0.6263772954924876,1.0,0.0,1.0,0.0
case_2389,0.8731050751032017,0.0547579298831386,0.0,1.0,1.0,0.0
case_0864,0.7883234467686542,0.027045075125208706,0.0,1.0,0.0,1.0
case_2428,0.595934367086412,0.22337228714524204,1.0,0.0,1.0,0.0
case_0705,0.526485586429389,0.19766277128547582,1.0,0.0,1.0,0.0
case_0450,0.906684705310993,0.5472454090150252,1.0,0.0,0.0,1.0
case_0072,0.7032989905297116,0.9315525876460768,1.0,0.0,0.0,1.0
case_1316,0.4547472855309258,0.32787979966611014,1.0,0.0,0.0,1.0
case_1474,0.6430776702397057,0.22036727879799667,0.0,1.0,1.0,0.0
case_2460,0.48537829118534703,0.25709515859766274,1.0,0.0,0.0,1.0
case_0722,0.93738509036667,0.42070116861435725,1.0,0.0,0.0,1.0
case_0916,0.7867277205397716,0.6150250417362271,0.0,1.0,1.0,0.0
case_1747,0.8902417872133762,0.4287145242070116,1.0,0.0,0.0,1.0
case_2132,0.41138515974607126,0.059766277128547596,1.0,0.0,1.0,0.0
case_2461,0.6330523467582474,0.01602671118530885,0.0,1.0,0.0,1.0
case_1347,0.43240711832656875,0.05509181969949917,0.0,1.0,0.0,1.0
case_0062,0.23821417421167645,0.16961602671118525,0.0,1.0,0.0,1.0
case_1261,0.30925868109758203,0.22370617696160267,0.0,1.0,0.0,1.0
case_2449,0.8477815936448467,0.7739565943238731,1.0,0.0,1.0,0.0
case_0386,0.5196864051063239,0.127212020033389,1.0,0.0,0.0,1.0
case_2289,0.8279737745863252,0.4313856427378965,0.0,1.0,0.0,1.0
case_2305,0.5438651264439587,0.38163606010016693,1.0,0.0,0.0,1.0
case_1781,0.5666909494571061,0.1181969949916527,0.0,1.0,1.0,0.0
case_0982,0.5165643320498143,0.04106844741235394,1.0,0.0,0.0,1.0
case_1808,0.8330037811773683,0.7689482470784641,0.0,1.0,1.0,0.0
case_2491,0.5625628750823879,0.09716193656093486,0.0,1.0,0.0,1.0
case_2249,0.7810039199361708,0.23138564273789652,1.0,0.0,1.0,0.0
case_1568,0.5425469178200991,0.17929883138564273,0.0,1.0,0.0,1.0
case_0314,0.6928573906407187,0.9545909849749583,0.0,1.0,0.0,1.0
case_1896,0.7039234051410135,0.18631051752921535,1.0,0.0,0.0,1.0
case_1608,0.7721927359766885,0.975626043405676,1.0,0.0,1.0,0.0
case_2117,0.8245741839247926,0.08146911519198663,0.0,1.0,1.0,0.0
case_1733,0.6181704651888853,0.03005008347245408,1.0,0.0,1.0,0.0
case_1806,0.8985326256634404,0.8196994991652753,0.0,1.0,0.0,1.0
case_0298,0.7382662087626182,0.35559265442404,1.0,0.0,1.0,0.0
case_2271,0.39365872272522284,0.2447412353923205,0.0,1.0,1.0,0.0
case_0994,0.9516425573247301,0.6851419031719534,1.0,0.0,1.0,0.0
case_2089,0.7736497034030595,0.7298831385642737,0.0,1.0,1.0,0.0
case_0193,0.8901377181114926,0.8504173622704507,0.0,1.0,0.0,1.0
case_1161,0.46969854650154363,0.24707846410684475,1.0,0.0,1.0,0.0
case_2195,0.13813438790023236,0.08347245409015025,0.0,1.0,1.0,0.0
case_0102,0.8198910743400283,0.7542570951585976,0.0,1.0,0.0,1.0
case_0295,0.7659832795642972,0.968948247078464,0.0,1.0,0.0,1.0
case_0796,0.05689110902972905,0.028380634390651083,1.0,0.0,0.0,1.0
case_0411,0.22229160162347794,0.10751252086811358,0.0,1.0,1.0,0.0
case_2351,0.679952822007146,0.7245409015025042,1.0,0.0,0.0,1.0
case_0018,0.6481076768307488,0.401669449081803,1.0,0.0,0.0,1.0
case_2006,0.0844000416276407,0.06310517529215359,1.0,0.0,0.0,1.0
case_0892,0.634370555382107,0.03873121869782975,0.0,1.0,1.0,0.0
case_0498,0.5132688104901654,0.15392320534223708,0.0,1.0,1.0,0.0
case_1782,0.6619835570819023,0.1485809682804674,1.0,0.0,1.0,0.0
case_2171,0.2575363374614076,0.07746243739565944,1.0,0.0,1.0,0.0
case_1742,0.8288063274013944,0.21435726210350592,0.0,1.0,0.0,1.0
case_2349,0.8027890519304817,0.19265442404006683,1.0,0.0,0.0,1.0
case_1234,0.9183404447219619,0.8140233722871453,1.0,0.0,0.0,1.0
case_0673,0.759461615846255,0.8237061769616028,0.0,1.0,1.0,0.0
case_2141,0.650431886772817,0.6186978297161937,1.0,0.0,0.0,1.0
case_0514,0.9234051410136329,0.44407345575959933,1.0,0.0,1.0,0.0
case_0291,0.7466611163145661,0.7866444073455761,1.0,0.0,0.0,1.0
case_0922,0.26624345231900637,0.20367278797996657,0.0,1.0,0.0,1.0
case_1264,0.5912859472022756,0.16894824707846412,1.0,0.0,1.0,0.0
case_2485,0.7898497935962812,0.671118530884808,0.0,1.0,0.0,1.0
case_2338,0.543206022132029,0.13121869782971624,0.0,1.0,1.0,0.0
case_1082,0.6472751240156797,0.5502504173622704,1.0,0.0,0.0,1.0
case_1831,0.7570333368023032,0.13689482470784636,1.0,0.0,0.0,1.0
case_0949,0.702570506816526,0.07378964941569283,0.0,1.0,1.0,0.0
case_2497,0.846775592326638,0.9101836393989984,1.0,0.0,1.0,0.0
case_0283,0.73118950983453,0.8120200333889815,0.0,1.0,1.0,0.0
case_0793,0.8259964616505359,0.679465776293823,1.0,0.0,0.0,1.0
case_1892,0.9055399451902728,0.500500834724541,0.0,1.0,0.0,1.0
case_2325,0.910257744475665,0.08213689482470787,0.0,1.0,1.0,0.0
case_1299,0.9176466507094042,0.568948247078464,1.0,0.0,0.0,1.0
case_0909,0.8540257397578658,0.1045075125208681,0.0,1.0,1.0,0.0
case_0369,0.8443473132826862,0.6110183639398997,0.0,1.0,0.0,1.0
case_1209,0.9999999999999999,0.9282136894824708,1.0,0.0,0.0,1.0
case_0278,0.2685329725604467,0.13722871452420704,0.0,1.0,1.0,0.0
case_1477,0.672772053977174,0.2868113522537563,0.0,1.0,1.0,0.0
case_1935,0.33048877788184683,0.06176961602671116,0.0,1.0,0.0,1.0
case_0392,0.913241058729663,0.9976627712854758,0.0,1.0,1.0,0.0
case_1750,0.9892808825059838,0.8701168614357262,1.0,0.0,0.0,1.0
case_0538,0.6015194088875012,0.1582637729549249,0.0,1.0,1.0,0.0
case_0560,0.8347382662087625,0.9212020033388981,0.0,1.0,1.0,0.0
case_2250,0.05019599680854758,0.004674457429048429,1.0,0.0,0.0,1.0
case_0790,0.8218683872758177,0.6143572621035057,0.0,1.0,0.0,1.0
case_0238,0.7611961008776493,0.3879799666110184,1.0,0.0,0.0,1.0
case_0400,0.5561452804662295,0.2918196994991653,1.0,0.0,0.0,1.0
case_1651,0.7319179935477156,0.8360601001669448,0.0,1.0,0.0,1.0
case_0488,0.8968328303326741,0.3806343906510852,1.0,0.0,0.0,1.0
case_2362,0.7774655704721267,0.6273789649415692,0.0,1.0,0.0,1.0
case_2331,0.3044715024109341,0.16193656093489145,0.0,1.0,1.0,0.0
case_0752,0.5994033371492004,0.39532554257095165,0.0,1.0,1.0,0.0
case_1692,0.7345197210948069,0.34791318864774623,1.0,0.0,0.0,1.0
case_0428,0.8517362195164254,0.3916527545909849,0.0,1.0,1.0,0.0
case_1270,0.39192423769382867,0.043739565943238745,1.0,0.0,1.0,0.0
case_0002,0.881950948763312,0.9505843071786311,1.0,0.0,1.0,0.0
case_0211,0.8960002775176049,0.7505843071786309,1.0,0.0,1.0,0.0
case_1373,0.37874215145523293,0.3148580968280468,0.0,1.0,0.0,1.0
case_1883,0.8813959135532659,0.21702838063439067,1.0,0.0,0.0,1.0
case_2234,0.09411315780344798,0.06477462437395659,0.0,1.0,1.0,0.0
case_0870,0.5619731501717139,0.012687813021702854,0.0,1.0,1.0,0.0
case_1304,0.4746591736913309,0.3051752921535893,0.0,1.0,1.0,0.0
case_2268,0.6415513234120789,0.3622704507512521,1.0,0.0,1.0,0.0
case_0607,0.5704374371249175,0.11185308848080133,0.0,1.0,1.0,0.0
case_1281,0.40482880632740137,0.17629382303839725,1.0,0.0,1.0,0.0
case_1404,0.8212439726645158,0.693823038397329,0.0,1.0,0.0,1.0
case_1923,0.15912165678010193,0.15893155258764613,0.0,1.0,0.0,1.0
case_1240,0.27449960106844273,0.1452420701168614,0.0,1.0,0.0,1.0
case_1249,0.3860616782877162,0.0020033388981635647,1.0,0.0,0.0,1.0
case_2440,0.9865057064557531,0.7365609348914859,0.0,1.0,0.0,1.0
case_2309,0.9161549935824053,0.7809682804674456,1.0,0.0,0.0,1.0
case_1559,0.7928331078502792,0.503839732888147,0.0,1.0,1.0,0.0
case_1275,0.5784507579699586,0.1332220367278798,1.0,0.0,1.0,0.0
case_2001,0.9314531515593019,0.8537562604340567,0.0,1.0,0.0,1.0
case_1092,0.8169771394872861,0.6654424040066779,0.0,1.0,0.0,1.0
case_1338,0.36389495958649876,0.2968280467445743,0.0,1.0,0.0,1.0
case_1134,0.34585631525999927,0.269449081803005,1.0,0.0,0.0,1.0
case_2203,0.8350851632150413,0.34490818030050086,0.0,1.0,0.0,1.0
case_1021,0.7563395427897457,0.1028380634390651,1.0,0.0,1.0,0.0
case_2112,0.7390640718770596,0.9051752921535892,0.0,1.0,0.0,1.0
case_1059,0.8398376522010613,0.48681135225375627,1.0,0.0,0.0,1.0
case_1473,0.7716030110660144,0.9595993322203673,1.0,0.0,0.0,1.0
case_2300,0.7222048773719081,0.7499165275459099,0.0,1.0,1.0,0.0
case_0941,0.7689319041176673,0.7105175292153589,1.0,0.0,1.0,0.0
case_0177,0.8714746591736912,0.5612687813021703,0.0,1.0,0.0,1.0
case_2017,0.9285739064071876,0.9472454090150251,0.0,1.0,1.0,0.0
case_1106,0.6709334998438963,0.0076794657762938034,0.0,1.0,1.0,0.0
case_1461,0.7702848024421548,1.0,0.0,1.0,1.0,0.0
case_1705,0.6437367745516356,0.34023372287145237,0.0,1.0,1.0,0.0
case_1765,0.588163874145766,0.34824707846410685,0.0,1.0,1.0,0.0
case_2070,0.8672078259964615,0.42070116861435725,1.0,0.0,0.0,1.0
case_0408,0.8450757969958718,0.7272120200333891,1.0,0.0,1.0,0.0
case_0773,0.5533354147153708,0.04941569282136893,0.0,1.0,1.0,0.0
case_1558,0.4555798383459949,0.06176961602671116,0.0,1.0,1.0,0.0
case_1714,0.7646303812398099,0.8547579298831385,1.0,0.0,0.0,1.0
case_0784,0.044680334408713995,0.03439065108514189,0.0,1.0,1.0,0.0
case_1508,0.7530440212300966,0.2864774624373956,0.0,1.0,1.0,0.0
case_2274,0.8941617233843271,0.4624373956594323,0.0,1.0,1.0,0.0
case_2036,0.15856662157005585,0.10784641068447415,1.0,0.0,0.0,1.0
case_1272,0.3339577479446352,0.05409015025041736,1.0,0.0,1.0,0.0
case_1217,0.9542095951711935,0.8223706176961603,1.0,0.0,0.0,1.0
case_1901,0.7282408852811599,0.6444073455759599,1.0,0.0,1.0,0.0
case_1430,0.990113435321053,0.7085141903171952,0.0,1.0,0.0,1.0
case_1340,0.9036320116557393,0.08547579298831381,1.0,0.0,0.0,1.0
case_0183,0.3949769313490824,0.1582637729549249,0.0,1.0,0.0,1.0
case_1575,0.9357199847365316,0.7151919866444072,0.0,1.0,0.0,1.0
case_0800,0.8548929822735628,0.2073455759599332,0.0,1.0,1.0,0.0
case_0981,0.8011933257015991,0.9642737896494156,0.0,1.0,1.0,0.0
case_2137,0.8769209421722689,0.8954924874791319,1.0,0.0,0.0,1.0
case_2107,0.8369930967495749,0.9479131886477463,0.0,1.0,0.0,1.0
case_1835,0.7172442501821208,0.08480801335559268,0.0,1.0,0.0,1.0
case_1534,0.7491240850591458,0.38397328881469117,1.0,0.0,1.0,0.0
case_0396,0.7948104207860685,0.082804674457429,0.0,1.0,0.0,1.0
case_0259,0.6330176570576195,0.36694490818030046,0.0,1.0,1.0,0.0
case_2096,0.8020258785166683,0.36527545909849746,1.0,0.0,1.0,0.0
case_0077,0.501162104971034,0.03171953255425708,0.0,1.0,1.0,0.0
case_2012,0.25569778332812987,0.19298831385642734,0.0,1.0,0.0,1.0
case_0451,0.8880216463731917,0.5813021702838064,1.0,0.0,1.0,0.0
case_0740,0.493426301731016,0.003338898163606052,0.0,1.0,1.0,0.0
case_0551,0.852464703229611,0.6360601001669448,0.0,1.0,1.0,0.0
case_0821,0.6987546397474589,0.37228714524207007,0.0,1.0,0.0,1.0
case_0772,0.760432927463836,0.09883138564273786,1.0,0.0,1.0,0.0
case_1168,0.9044298747701807,0.6180300500834726,1.0,0.0,1.0,0.0
case_2157,0.6555659624657437,0.3622704507512521,0.0,1.0,1.0,0.0
case_1279,0.9495264855864293,0.5258764607679466,0.0,1.0,0.0,1.0
case_2293,0.6778367502688452,0.30951585976627716,1.0,0.0,0.0,1.0
case_1010,0.5792833107850279,0.33956594323873124,1.0,0.0,0.0,1.0
case_0121,0.7128733479030075,0.20166944908180295,0.0,1.0,0.0,1.0
case_0029,0.5038679016200089,0.19465776293823034,0.0,1.0,0.0,1.0
case_2128,0.4333090505428937,0.23873121869782976,1.0,0.0,0.0,1.0
case_0958,0.8796614285218717,0.9332220367278798,0.0,1.0,1.0,0.0
case_0742,0.08707114857598774,0.048414023372287174,0.0,1.0,0.0,1.0
case_0370,0.6604225205536475,0.491151919866444,0.0,1.0,0.0,1.0
case_1498,0.7891213098830956,0.6918196994991652,1.0,0.0,1.0,0.0
case_0425,0.8988101432684634,0.7275459098497497,1.0,0.0,0.0,1.0
case_1554,0.28584313317376064,0.1519198664440734,1.0,0.0,0.0,1.0
case_2145,0.9006486974017412,0.4263772954924875,0.0,1.0,1.0,0.0
case_1737,0.5850071113886286,0.38564273789649417,0.0,1.0,1.0,0.0
case_0652,0.8534013251465639,0.675459098497496,0.0,1.0,0.0,1.0
case_1424,0.49613209837999084,0.20634390651085144,1.0,0.0,1.0,0.0
case_0562,0.8112533388836853,0.8090150250417363,0.0,1.0,0.0,1.0
case_2010,0.9699240295556248,0.4954924874791319,0.0,1.0,1.0,0.0
case_0895,0.7452735282894507,0.2514190317195326,0.0,1.0,1.0,0.0
case_1591,0.7777777777777777,0.3005008347245409,1.0,0.0,0.0,1.0
case_0524,0.8357095778263433,0.23906510851419027,1.0,0.0,0.0,1.0
case_1958,0.8490651125680784,0.9382303839732888,0.0,1.0,1.0,0.0
case_0399,0.7858604780240745,0.8864774624373957,1.0,0.0,0.0,1.0
case_0316,0.19485204842682202,0.16727879799666112,0.0,1.0,0.0,1.0
case_1437,0.597981059423457,0.39732888146911516,0.0,1.0,0.0,1.0
case_0792,0.5641586013112706,0.0050083472454090505,1.0,0.0,1.0,0.0
case_1382,0.6276754431609255,0.16627712854757926,1.0,0.0,0.0,1.0
case_2245,0.3774586325320012,0.20868113522537568,0.0,1.0,0.0,1.0
case_1111,0.6545252714469073,0.11318864774624371,0.0,1.0,0.0,1.0
case_2018,0.4623443299684322,0.04507512520868112,0.0,1.0,0.0,1.0
case_2028,0.8868421965518436,0.23639398998330552,0.0,1.0,1.0,0.0
case_2194,0.6412391161064279,0.3151919866444073,0.0,1.0,1.0,0.0
case_0406,0.47545703680577234,0.19098497495826383,1.0,0.0,1.0,0.0
case_0066,0.8921497207479098,0.3038397328881469,1.0,0.0,1.0,0.0
case_1530,0.8511464946057514,0.7993322203672788,0.0,1.0,1.0,0.0
case_0989,0.7539806431470495,0.19165275459098496,1.0,0.0,0.0,1.0
case_2466,0.7402088319977798,0.05609348914858098,1.0,0.0,1.0,0.0
case_0171,0.9481388975613139,0.8257095158597663,1.0,0.0,0.0,1.0
case_1783,0.5534047941166267,0.4791318864774624,1.0,0.0,0.0,1.0
case_1108,0.558677628612065,0.3425709515859766,1.0,0.0,1.0,0.0
case_1531,0.8365421306414125,0.01903171953255428,1.0,0.0,0.0,1.0
case_0477,0.9496999340895687,0.5191986644407346,1.0,0.0,1.0,0.0
case_0028,0.8651611336594164,0.3696160267111853,1.0,0.0,1.0,0.0
case_0605,0.8320671592604154,0.12787979966611018,0.0,1.0,1.0,0.0
case_1185,0.38973878655427197,0.12287145242070119,0.0,1.0,0.0,1.0
case_0756,0.78364033718389,0.9285475792988314,1.0,0.0,0.0,1.0
case_0322,0.09980226870642106,0.013355592654424042,0.0,1.0,0.0,1.0
case_1663,0.5233288236722516,0.21769616026711192,1.0,0.0,0.0,1.0
case_0045,0.4120442640580011,0.3292153589315526,0.0,1.0,0.0,1.0
case_1276,0.9429354424671313,0.3252086811352254,0.0,1.0,1.0,0.0
case_2298,0.774412876816873,0.6524207011686144,1.0,0.0,1.0,0.0
case_1631,0.6924411142331841,0.69449081803005,0.0,1.0,0.0,1.0
case_1105,0.7237312241995351,0.13355592654424042,0.0,1.0,1.0,0.0
case_2438,0.9318694279668365,0.8490818030050085,0.0,1.0,1.0,0.0
case_1346,0.9120269192076871,0.4220367278797996,1.0,0.0,0.0,1.0
case_1897,0.8451104866964997,0.3589315525876461,0.0,1.0,0.0,1.0
case_0374,0.818815693620564,0.23305509181969952,1.0,0.0,1.0,0.0
case_1927,0.5452180247684462,0.48781302170283813,1.0,0.0,0.0,1.0
case_1374,0.5047351441357061,0.014357262103505852,1.0,0.0,0.0,1.0
case_0995,0.8422312415443853,0.20701168614357268,0.0,1.0,0.0,1.0
case_2153,0.6067575536823115,0.32621035058430714,1.0,0.0,0.0,1.0
case_0926,0.7341034446872723,0.33121869782971614,0.0,1.0,0.0,1.0
case_1696,0.5982238873278523,0.24741235392320537,0.0,1.0,0.0,1.0
case_1472,0.9189995490338917,0.6210350584307178,1.0,0.0,0.0,1.0
case_0497,0.8330384708779962,0.8530884808013355,1.0,0.0,0.0,1.0
case_0047,0.2536164012904568,0.08614357262103506,0.0,1.0,0.0,1.0
case_0902,0.12998230825267965,0.021368948247078468,0.0,1.0,0.0,1.0
case_2358,0.8807368092413361,0.9936560934891485,0.0,1.0,0.0,1.0
case_0535,0.8243660457210253,0.3525876460767947,0.0,1.0,1.0,0.0
case_1895,0.7394803482845942,0.2207011686143573,1.0,0.0,0.0,1.0
case_2432,0.808963818642245,0.06777963272120202,1.0,0.0,1.0,0.0
case_0753,0.20747909945537157,0.01202003338898161,1.0,0.0,0.0,1.0
case_1576,0.02098726887986957,0.00100166944908181,0.0,1.0,0.0,1.0
case_0665,0.5334582162555935,0.418363939899833,0.0,1.0,0.0,1.0
case_1513,0.6882436604572102,0.31285475792988315,1.0,0.0,0.0,1.0
case_0253,0.6090123842231241,0.5131886477462436,0.0,1.0,1.0,0.0
case_1717,0.3090158531931869,0.1071786310517529,0.0,1.0,0.0,1.0
case_2232,0.7232108786901168,0.793322203672788,0.0,1.0,0.0,1.0
case_0162,0.5964547125958302,0.2851419031719533,1.0,0.0,1.0,0.0
case_0639,0.8066742984008046,0.03171953255425708,0.0,1.0,0.0,1.0
case_2475,0.9366219169528566,0.29382303839732893,0.0,1.0,1.0,0.0
case_0913,0.6466160197037498,0.5195325542570951,1.0,0.0,1.0,0.0
case_0235,0.9415825441426439,0.815025041736227,1.0,0.0,0.0,1.0
case_2081,0.8957574496132097,0.9392320534223706,0.0,1.0,0.0,1.0
case_2175,0.5393901550629617,0.11118530884808014,0.0,1.0,1.0,0.0
case_2246,0.9142123703472438,0.41368948247078463,0.0,1.0,1.0,0.0
case_1700,0.6445346376660768,0.7262103505843072,0.0,1.0,0.0,1.0
case_2239,0.20883199777985906,0.005342237061769617,0.0,1.0,1.0,0.0
