Epoch,Stage,Train_Loss,Val_Phys_RMSE,M1_MAE,M1_RelErr(%),M2_MAE,M2_RelErr(%),M3_MAE,M3_RelErr(%),Time_Cost(s)
1,1,1.8722,9.8444e+02,1.1521e+03,38.66,5.3257e+01,18993.55,3.8036e+01,581.76,0.8
2,1,1.2317,9.0773e+02,8.9014e+02,29.27,4.7171e+01,17214.57,3.4716e+01,509.40,0.2
3,1,1.0436,9.6290e+02,8.9439e+02,28.68,4.5667e+01,17131.14,3.2700e+01,465.56,0.2
4,1,1.0487,1.1462e+03,1.0473e+03,30.23,4.9809e+01,14963.67,3.7088e+01,537.49,0.2
5,1,1.0805,9.1024e+02,8.7484e+02,26.72,4.3521e+01,12971.17,3.1346e+01,444.91,0.2
6,1,1.0516,8.4519e+02,8.3735e+02,27.03,4.3896e+01,14070.27,3.2082e+01,451.02,0.2
7,1,1.0097,8.9786e+02,8.6468e+02,28.94,4.5420e+01,16412.67,3.3142e+01,472.76,0.2
8,1,0.9955,8.2818e+02,8.1995e+02,27.19,4.4748e+01,16022.17,3.3196e+01,480.04,0.2
9,1,0.9938,8.8579e+02,8.4347e+02,26.83,4.4014e+01,14351.09,3.1590e+01,446.57,0.2
10,1,1.0516,9.0776e+02,9.1401e+02,31.95,4.7310e+01,17005.56,3.4074e+01,487.70,0.2
11,1,1.0716,8.4800e+02,9.0397e+02,32.15,4.7640e+01,17187.55,3.5143e+01,510.72,0.2
12,1,1.0022,8.3123e+02,8.1115e+02,27.52,4.4597e+01,15797.53,3.2738e+01,460.80,0.2
13,1,0.9680,7.6096e+02,7.9131e+02,26.25,4.3963e+01,15116.58,3.3234e+01,472.09,0.2
14,1,0.9327,6.2381e+02,7.4414e+02,27.78,4.3340e+01,15805.79,3.3521e+01,467.56,0.2
15,1,0.9680,8.0661e+02,7.7558e+02,25.05,4.2916e+01,14395.22,3.2522e+01,469.06,0.2
16,1,0.9913,2.3764e+03,1.3272e+03,28.57,5.3552e+01,14952.93,3.8988e+01,515.21,0.2
17,1,1.0955,2.7066e+03,1.5154e+03,31.39,5.7454e+01,14611.12,4.0835e+01,568.46,0.2
18,1,1.1778,1.0537e+03,9.6721e+02,27.22,4.4682e+01,14965.97,3.0527e+01,426.32,0.2
19,1,1.0514,7.9785e+02,8.4383e+02,30.85,4.6084e+01,16849.56,3.4403e+01,487.63,0.2
20,1,1.0249,9.9611e+02,9.8739e+02,32.41,4.7530e+01,17019.94,3.2641e+01,454.77,0.2
21,1,1.0440,7.6649e+02,7.7664e+02,25.43,4.3878e+01,15309.07,3.2990e+01,471.56,0.2
22,1,0.9100,6.4079e+02,7.4255e+02,26.38,4.3595e+01,15185.78,3.3950e+01,480.77,0.2
23,1,0.8818,5.4415e+02,7.0174e+02,25.18,4.1876e+01,15197.89,3.4439e+01,487.33,0.2
24,1,0.8707,7.9015e+02,7.7354e+02,25.29,4.4543e+01,15791.31,3.2254e+01,459.84,0.2
25,1,0.8818,4.8318e+02,6.0943e+02,23.57,4.1378e+01,16025.53,3.3525e+01,480.76,0.2
26,1,0.9334,6.6183e+02,7.0235e+02,25.58,4.3979e+01,16820.77,3.3382e+01,475.55,0.2
27,1,0.8690,8.0365e+02,7.1981e+02,22.61,4.2570e+01,15303.46,3.2005e+01,460.01,0.2
28,1,0.8281,5.0940e+02,5.8227e+02,21.26,3.8702e+01,14714.04,3.2544e+01,462.70,0.2
29,1,0.8460,5.5698e+02,6.4775e+02,23.33,4.3587e+01,17024.39,3.5850e+01,528.47,0.2
30,1,0.8261,1.1876e+03,8.1696e+02,21.73,4.5089e+01,15749.36,3.7285e+01,520.59,0.2
31,1,0.8832,7.6873e+02,6.7201e+02,20.03,4.2669e+01,15199.33,3.1933e+01,467.21,0.2
32,1,0.7990,6.3586e+02,6.3739e+02,19.95,3.9695e+01,13772.92,3.2610e+01,457.97,0.2
33,1,0.8019,5.0900e+02,5.5376e+02,19.18,4.1508e+01,15994.05,3.4325e+01,494.89,0.2
34,1,0.7657,4.9278e+02,5.1008e+02,16.32,3.7459e+01,14373.05,3.0703e+01,438.77,0.2
35,1,0.7082,4.3277e+02,5.4695e+02,21.44,4.2225e+01,20257.03,3.5623e+01,518.66,0.2
36,1,0.7146,6.1565e+02,4.9925e+02,13.13,3.7951e+01,13903.62,3.1299e+01,480.38,0.2
37,1,0.5957,5.8842e+02,4.8866e+02,12.61,3.8646e+01,14284.95,3.0680e+01,450.17,0.2
38,1,0.5944,6.1381e+02,4.7396e+02,12.30,3.9017e+01,15927.70,3.3744e+01,487.54,0.2
39,1,0.5411,8.2252e+02,6.2923e+02,13.99,3.7992e+01,14118.92,2.9514e+01,440.36,0.2
40,1,0.6322,5.5892e+02,4.0331e+02,11.83,3.6578e+01,14393.77,3.0892e+01,457.80,0.2
41,1,0.6118,5.7800e+02,5.5277e+02,14.75,3.6792e+01,13244.78,2.9474e+01,417.38,0.2
42,1,0.5284,4.1846e+02,4.1493e+02,12.24,3.9222e+01,16377.48,3.4078e+01,497.19,0.2
43,1,0.4493,3.8254e+02,3.6047e+02,12.85,3.8489e+01,15752.51,3.2891e+01,480.53,0.2
44,1,0.3991,3.3922e+02,4.0098e+02,14.73,3.8933e+01,17177.92,3.4668e+01,521.90,0.2
45,1,0.4559,5.4921e+02,4.1553e+02,10.83,3.8691e+01,15568.57,3.1650e+01,473.20,0.2
46,1,0.4284,5.1740e+02,4.2262e+02,10.54,3.8503e+01,15044.69,3.4124e+01,506.56,0.2
47,1,0.5292,8.4737e+02,8.1970e+02,27.67,4.6589e+01,19843.89,3.3859e+01,491.04,0.2
48,1,0.5752,5.9791e+02,4.9559e+02,12.60,3.8316e+01,14217.58,3.0529e+01,450.91,0.2
49,1,0.4353,4.0469e+02,3.8740e+02,13.13,3.9026e+01,15559.52,3.3908e+01,505.90,0.2
50,1,0.5136,4.0273e+02,3.2046e+02,10.14,3.7314e+01,15596.15,3.2571e+01,484.41,0.2
51,1,0.4545,3.4950e+02,3.3447e+02,10.12,3.6397e+01,14068.77,3.1994e+01,477.61,0.2
52,1,0.3515,4.7382e+02,3.6184e+02,9.90,3.8823e+01,15604.08,3.1903e+01,469.00,0.2
53,1,0.4651,5.0212e+02,4.7876e+02,12.54,3.6506e+01,13049.49,2.9798e+01,438.45,0.2
54,1,0.4436,4.2372e+02,3.7070e+02,10.25,3.5399e+01,14109.71,3.0826e+01,461.96,0.2
55,1,0.4242,7.4500e+02,5.9804e+02,12.62,3.7840e+01,13963.85,2.8769e+01,432.45,0.2
56,1,0.5498,8.4711e+02,4.9642e+02,12.41,3.5688e+01,12917.94,3.1361e+01,446.37,0.2
57,1,0.5854,4.5568e+02,5.5453e+02,17.86,4.2481e+01,18018.27,3.6547e+01,564.11,0.2
58,1,0.4745,3.2599e+02,2.9499e+02,8.96,3.5975e+01,14596.07,3.2081e+01,479.31,0.2
59,1,0.3545,3.6400e+02,4.1988e+02,12.56,3.9530e+01,15849.77,3.4967e+01,530.59,0.2
60,1,0.3211,3.0513e+02,2.8284e+02,8.53,3.4701e+01,14282.26,3.2125e+01,475.24,0.2
61,1,0.3098,3.9628e+02,3.1391e+02,8.35,3.5620e+01,14013.14,3.1618e+01,478.89,0.2
62,1,0.3714,5.3011e+02,3.8574e+02,9.82,3.6195e+01,13790.84,3.0599e+01,464.74,0.2
63,1,0.3485,6.3677e+02,4.7814e+02,10.34,3.7318e+01,13774.83,3.0036e+01,451.01,0.2
64,1,0.3721,4.5769e+02,3.8808e+02,10.42,3.4437e+01,13497.07,3.1995e+01,463.95,0.2
65,1,0.3252,5.4247e+02,3.9920e+02,11.16,3.9478e+01,15527.90,3.2346e+01,486.16,0.2
66,1,0.3225,3.7612e+02,3.2547e+02,9.02,3.5629e+01,14437.46,3.1030e+01,463.70,0.2
67,1,0.3279,4.2610e+02,3.5589e+02,9.54,3.4966e+01,13722.14,3.0747e+01,460.67,0.2
68,1,0.3401,5.6053e+02,4.0739e+02,8.96,3.7476e+01,14573.84,3.0716e+01,464.60,0.2
69,1,0.2625,5.4671e+02,2.9394e+02,8.18,3.6547e+01,15210.22,3.3852e+01,497.59,0.2
70,1,0.2511,1.5694e+03,6.1901e+02,9.44,4.0564e+01,14724.98,3.6127e+01,520.59,0.2
71,1,0.3400,2.9762e+02,2.4683e+02,7.44,3.5611e+01,13877.81,3.2630e+01,488.67,0.2
72,1,0.3607,5.8463e+02,3.6145e+02,8.77,3.8968e+01,14917.99,3.1970e+01,484.23,0.2
73,1,0.2960,1.2171e+03,5.5786e+02,10.62,3.7554e+01,13927.93,3.4496e+01,505.20,0.2
74,1,0.3592,3.7332e+02,3.2736e+02,9.41,3.6265e+01,15690.95,3.4658e+01,521.79,0.2
75,1,0.3054,1.0012e+03,5.0361e+02,9.88,3.9657e+01,14976.40,3.5847e+01,530.33,0.2
76,1,0.4133,3.9439e+02,4.1192e+02,12.27,3.4423e+01,13130.58,2.9774e+01,442.66,0.2
77,1,0.3903,3.3975e+02,3.3942e+02,10.13,3.5810e+01,13651.32,3.3017e+01,510.10,0.2
78,1,0.3727,3.2223e+02,3.1723e+02,10.33,3.7525e+01,15680.16,3.4294e+01,513.80,0.2
79,1,0.3255,5.3899e+02,3.6659e+02,8.17,3.7485e+01,15623.92,3.1776e+01,492.64,0.2
80,1,0.3254,7.0907e+02,5.3427e+02,12.60,3.5535e+01,13336.99,3.3735e+01,506.43,0.2
81,1,0.3972,6.0574e+02,4.5538e+02,10.61,3.6787e+01,12553.80,3.0236e+01,459.71,0.2
82,1,0.3840,5.1090e+02,3.4558e+02,11.12,3.9495e+01,16677.42,3.3278e+01,501.61,0.2
83,1,0.2501,3.0644e+02,2.4435e+02,7.57,3.5712e+01,14316.97,3.2093e+01,483.84,0.2
84,1,0.2056,3.3586e+02,2.2061e+02,6.76,3.4907e+01,14326.71,3.2638e+01,489.17,0.2
85,1,0.2017,2.9554e+02,2.1699e+02,6.46,3.5969e+01,14995.02,3.2583e+01,493.71,0.2
86,1,0.2084,3.1851e+02,2.6309e+02,7.64,3.5172e+01,14417.65,3.1740e+01,480.56,0.2
87,1,0.2241,4.5325e+02,3.0515e+02,7.55,3.5962e+01,15366.16,3.4721e+01,522.19,0.2
88,1,0.2331,2.9889e+02,2.1341e+02,6.31,3.5459e+01,14115.58,3.1843e+01,478.89,0.2
89,1,0.1810,4.2656e+02,1.9884e+02,5.58,3.4982e+01,14470.32,3.3180e+01,493.43,0.2
90,1,0.1544,3.6499e+02,1.9147e+02,5.46,3.4862e+01,14847.91,3.3607e+01,501.71,0.2
91,1,0.1548,3.0757e+02,1.6553e+02,5.11,3.4935e+01,14235.00,3.3304e+01,497.98,0.2
92,1,0.1781,3.4087e+02,1.9678e+02,5.67,3.5919e+01,15027.53,3.4068e+01,514.12,0.2
93,1,0.1659,3.2265e+02,2.2798e+02,5.95,3.5342e+01,13864.69,3.1771e+01,478.22,0.2
94,1,0.1856,2.4628e+02,1.5685e+02,5.29,3.5781e+01,14795.51,3.2762e+01,492.27,0.2
95,1,0.1511,2.7155e+02,1.6599e+02,5.20,3.5032e+01,14589.21,3.2739e+01,491.75,0.2
96,1,0.1602,2.9259e+02,1.8142e+02,5.53,3.3784e+01,13572.34,3.3097e+01,496.17,0.2
97,1,0.1606,2.6528e+02,1.3551e+02,4.55,3.5304e+01,14444.32,3.3283e+01,498.48,0.2
98,1,0.1529,3.2348e+02,2.0809e+02,5.49,3.7218e+01,14717.54,3.2492e+01,489.61,0.2
99,1,0.1621,4.1447e+02,2.0592e+02,5.03,3.4487e+01,13822.92,3.3970e+01,505.86,0.2
100,1,0.1671,2.3989e+02,1.3250e+02,4.71,3.5128e+01,13794.68,3.3191e+01,502.37,0.2
101,1,0.1433,2.6115e+02,1.3188e+02,4.35,3.5876e+01,14290.99,3.2903e+01,499.65,0.2
102,1,0.1374,2.3550e+02,1.4218e+02,5.18,3.4550e+01,13458.98,3.2584e+01,488.12,0.2
103,1,0.1295,2.5119e+02,1.4497e+02,4.79,3.5399e+01,14292.38,3.3885e+01,513.23,0.2
104,1,0.1552,2.4043e+02,1.1825e+02,3.99,3.5973e+01,14297.56,3.3254e+01,504.77,0.2
105,1,0.1408,2.3785e+02,1.3418e+02,4.60,3.6091e+01,14187.23,3.3150e+01,498.15,0.2
106,1,0.1497,3.3219e+02,1.7444e+02,5.34,3.5845e+01,14769.05,3.4231e+01,512.15,0.2
107,1,0.1433,3.0654e+02,1.6457e+02,4.49,3.5236e+01,14434.73,3.3757e+01,502.42,0.2
108,1,0.1654,2.9630e+02,1.9797e+02,6.74,3.7941e+01,14818.02,3.3657e+01,510.81,0.2
109,1,0.1675,5.5173e+02,2.8750e+02,6.43,3.4565e+01,12843.24,3.4122e+01,509.10,0.2
110,1,0.1759,2.7926e+02,1.6196e+02,5.17,3.7031e+01,15133.14,3.3306e+01,506.39,0.2
111,1,0.1324,2.8171e+02,1.3586e+02,4.07,3.4507e+01,14002.07,3.3313e+01,500.28,0.2
112,1,0.1580,2.3053e+02,1.1913e+02,4.34,3.6279e+01,14499.76,3.3457e+01,502.86,0.2
113,1,0.1683,6.0044e+02,3.0576e+02,5.39,3.6294e+01,14170.87,3.4994e+01,521.33,0.2
114,1,0.1526,2.8611e+02,1.5326e+02,4.78,3.6982e+01,14581.82,3.3278e+01,504.97,0.2
115,1,0.1558,2.8370e+02,1.5847e+02,4.39,3.4844e+01,14214.43,3.3931e+01,513.21,0.2
116,1,0.1275,2.4552e+02,1.5907e+02,4.95,3.5036e+01,13342.20,3.2479e+01,485.81,0.2
117,1,0.1306,2.9565e+02,1.3678e+02,4.03,3.6741e+01,14432.49,3.3094e+01,502.04,0.2
118,1,0.1234,2.5051e+02,1.3807e+02,4.25,3.5237e+01,13625.18,3.3225e+01,503.01,0.2
119,1,0.1707,2.9574e+02,1.7330e+02,5.96,3.5029e+01,13237.18,3.2371e+01,489.44,0.2
120,1,0.1523,3.6810e+02,2.2156e+02,5.38,3.7435e+01,14727.27,3.2527e+01,491.48,0.2
121,1,0.1655,2.7102e+02,1.8245e+02,6.01,3.3739e+01,13507.70,3.3097e+01,501.07,0.2
122,1,0.1618,2.7021e+02,1.5338e+02,4.75,3.6289e+01,14312.02,3.3552e+01,514.60,0.2
123,1,0.1711,3.1468e+02,1.5706e+02,4.14,3.6278e+01,14127.63,3.2583e+01,494.63,0.2
124,1,0.1124,3.0104e+02,1.5438e+02,4.32,3.4119e+01,13637.82,3.3542e+01,503.83,0.2
125,1,0.0993,2.4569e+02,1.1417e+02,3.70,3.6122e+01,14528.36,3.3127e+01,501.77,0.2
126,1,0.0847,2.3322e+02,9.8879e+01,3.39,3.5958e+01,14100.29,3.3345e+01,503.20,0.2
127,1,0.0822,2.7280e+02,1.0766e+02,3.21,3.5196e+01,14051.93,3.3616e+01,504.75,0.2
128,1,0.0850,2.5152e+02,1.0439e+02,3.17,3.6065e+01,14146.66,3.3042e+01,498.62,0.2
129,1,0.0743,2.6064e+02,1.1975e+02,3.42,3.5294e+01,13912.08,3.3883e+01,512.27,0.2
130,1,0.0822,2.3066e+02,1.0969e+02,3.96,3.6382e+01,14379.86,3.3864e+01,514.95,0.2
131,1,0.0810,2.3214e+02,9.1356e+01,3.00,3.5785e+01,14099.97,3.3456e+01,509.00,0.2
132,1,0.0712,2.4503e+02,9.9552e+01,3.01,3.5005e+01,13880.00,3.3575e+01,504.54,0.2
133,1,0.0717,2.2809e+02,9.7490e+01,3.62,3.6287e+01,14434.99,3.3525e+01,505.67,0.2
134,1,0.0784,2.2744e+02,8.0953e+01,2.81,3.5654e+01,13825.95,3.3292e+01,505.29,0.2
135,1,0.0831,2.2527e+02,8.8899e+01,3.45,3.6132e+01,14245.06,3.3623e+01,507.11,0.2
136,1,0.0768,2.7938e+02,1.2919e+02,3.18,3.4692e+01,13592.25,3.3786e+01,507.51,0.2
137,1,0.0949,2.2832e+02,8.8252e+01,2.95,3.5077e+01,13462.19,3.3055e+01,499.24,0.2
138,1,0.0754,2.2770e+02,9.3296e+01,3.06,3.5794e+01,14168.89,3.3156e+01,498.16,0.2
139,1,0.0684,2.3964e+02,9.9600e+01,3.18,3.4806e+01,13432.62,3.3277e+01,501.34,0.2
140,1,0.0678,2.6781e+02,1.1002e+02,2.87,3.4931e+01,13813.55,3.3679e+01,506.08,0.2
141,1,0.0615,2.6272e+02,1.0744e+02,3.03,3.6319e+01,14203.17,3.3205e+01,505.00,0.2
142,1,0.0669,2.8931e+02,1.2236e+02,2.99,3.4634e+01,13810.86,3.3774e+01,508.86,0.2
143,1,0.0632,2.2617e+02,8.7962e+01,2.97,3.5792e+01,13935.64,3.3258e+01,500.38,0.2
144,1,0.0554,2.2684e+02,8.0653e+01,2.67,3.5419e+01,13686.28,3.3187e+01,502.68,0.2
145,1,0.0629,2.4309e+02,9.3711e+01,2.91,3.4724e+01,13651.95,3.3421e+01,502.72,0.2
146,1,0.0702,2.8377e+02,1.3016e+02,3.12,3.6191e+01,13473.95,3.2678e+01,495.36,0.2
147,1,0.0647,2.2758e+02,8.3545e+01,2.83,3.5012e+01,13524.90,3.3427e+01,506.25,0.2
148,1,0.0641,2.3929e+02,1.1151e+02,3.62,3.5891e+01,14547.30,3.4083e+01,514.41,0.2
149,1,0.0679,2.2505e+02,9.4133e+01,3.36,3.6027e+01,14203.91,3.3830e+01,513.84,0.2
150,1,0.0878,2.3235e+02,1.0299e+02,3.05,3.5795e+01,14153.70,3.2924e+01,495.78,0.2
151,1,0.0971,2.8940e+02,1.3387e+02,3.28,3.4497e+01,13663.02,3.3893e+01,513.03,0.2
152,1,0.0793,2.4639e+02,1.1749e+02,3.32,3.5480e+01,14414.43,3.4002e+01,513.41,0.2
153,1,0.0735,2.2512e+02,8.5164e+01,2.90,3.5405e+01,13500.80,3.3165e+01,499.80,0.2
154,1,0.0686,2.4816e+02,1.0998e+02,3.23,3.5567e+01,13562.10,3.2710e+01,494.77,0.2
155,1,0.0774,2.4646e+02,1.2012e+02,3.53,3.6408e+01,14471.15,3.3099e+01,498.53,0.2
156,1,0.0732,2.9343e+02,1.1752e+02,2.86,3.6403e+01,14078.47,3.2974e+01,501.27,0.2
157,1,0.0532,2.4665e+02,8.7102e+01,2.68,3.5783e+01,13867.29,3.3034e+01,500.37,0.2
158,1,0.0467,2.4305e+02,8.8606e+01,2.66,3.5860e+01,13794.32,3.3076e+01,502.50,0.2
159,1,0.0448,2.2497e+02,7.1797e+01,2.45,3.5338e+01,13787.07,3.3521e+01,507.09,0.2
160,1,0.0456,2.3206e+02,7.3365e+01,2.44,3.5971e+01,14120.02,3.3315e+01,503.60,0.2
161,1,0.0521,2.2664e+02,8.2712e+01,2.68,3.5507e+01,14025.12,3.3687e+01,510.27,0.2
162,1,0.0583,2.2508e+02,8.4209e+01,2.81,3.5502e+01,13620.77,3.3019e+01,497.45,0.2
163,1,0.0615,2.2479e+02,7.4133e+01,2.45,3.5593e+01,13950.76,3.3563e+01,507.78,0.2
164,1,0.0439,2.2315e+02,6.4696e+01,2.32,3.5626e+01,13739.71,3.3352e+01,504.85,0.2
165,1,0.0422,2.2652e+02,8.5071e+01,2.63,3.5504e+01,13713.81,3.2967e+01,497.06,0.2
166,1,0.0532,2.2915e+02,7.7641e+01,2.36,3.5157e+01,13934.56,3.3620e+01,507.84,0.2
167,1,0.0404,2.2242e+02,6.7775e+01,2.35,3.5589e+01,13705.73,3.3264e+01,503.70,0.2
168,1,0.0439,2.2516e+02,7.2890e+01,2.63,3.6118e+01,14149.78,3.3498e+01,507.39,0.2
169,1,0.0475,2.2407e+02,6.4777e+01,2.39,3.5834e+01,14043.40,3.3521e+01,507.05,0.3
170,1,0.0447,2.2753e+02,7.8812e+01,2.58,3.5046e+01,13669.38,3.3411e+01,504.85,0.2
171,1,0.0436,2.2025e+02,6.0467e+01,2.18,3.5730e+01,13936.76,3.3403e+01,504.79,0.2
172,1,0.0364,2.2387e+02,6.5988e+01,2.30,3.5769e+01,13987.32,3.3519e+01,508.87,0.2
173,1,0.0413,2.3542e+02,7.3550e+01,2.33,3.6130e+01,13986.99,3.3355e+01,505.60,0.2
174,1,0.0373,2.2323e+02,6.0263e+01,2.12,3.5738e+01,13874.45,3.3361e+01,505.35,0.2
175,1,0.0359,2.2316e+02,6.0148e+01,2.17,3.5650e+01,13715.59,3.3321e+01,504.08,0.2
176,1,0.0373,2.2181e+02,6.3021e+01,2.18,3.5439e+01,13886.12,3.3483e+01,506.76,0.2
177,1,0.0369,2.2538e+02,6.3128e+01,2.18,3.5811e+01,13994.63,3.3413e+01,506.64,0.2
178,1,0.0381,2.2423e+02,6.4885e+01,2.19,3.5881e+01,13886.89,3.3523e+01,508.38,0.2
179,1,0.0410,2.2854e+02,6.5241e+01,2.13,3.5805e+01,13853.89,3.3280e+01,504.16,0.2
180,1,0.0356,2.2019e+02,5.8086e+01,2.10,3.5620e+01,13958.86,3.3420e+01,505.07,0.2
181,1,0.0358,2.2029e+02,6.2561e+01,2.15,3.5739e+01,13938.23,3.3395e+01,506.06,0.2
182,1,0.0381,2.2307e+02,6.3496e+01,2.20,3.5849e+01,13973.15,3.3323e+01,503.59,0.2
183,1,0.0379,2.2456e+02,6.3233e+01,2.13,3.5607e+01,13861.04,3.3243e+01,503.30,0.2
184,1,0.0462,2.3892e+02,8.6923e+01,2.34,3.5969e+01,13767.67,3.3044e+01,500.99,0.2
185,1,0.0577,2.2758e+02,8.5113e+01,2.71,3.5690e+01,14118.66,3.3795e+01,510.29,0.2
186,1,0.0566,2.1899e+02,7.1595e+01,2.68,3.5234e+01,13337.69,3.3100e+01,500.04,0.2
187,1,0.0441,2.1991e+02,6.0583e+01,2.15,3.5406e+01,13639.11,3.3294e+01,503.27,0.2
188,1,0.0392,2.2662e+02,7.4350e+01,2.27,3.5435e+01,13989.91,3.3734e+01,510.37,0.2
189,1,0.0490,2.2448e+02,6.9186e+01,2.35,3.5518e+01,13630.57,3.3095e+01,500.20,0.2
190,1,0.0487,2.2598e+02,7.6573e+01,2.30,3.5822e+01,13749.50,3.3102e+01,500.38,0.2
191,1,0.0508,2.3920e+02,9.0132e+01,2.59,3.5260e+01,14103.70,3.3861e+01,510.89,0.2
192,1,0.0525,2.2010e+02,6.6343e+01,2.35,3.5750e+01,14095.84,3.3634e+01,510.00,0.2
193,1,0.0429,2.2376e+02,6.5874e+01,2.13,3.5819e+01,13795.36,3.3214e+01,502.16,0.2
194,1,0.0334,2.2125e+02,5.7077e+01,2.03,3.5633e+01,13706.01,3.3308e+01,504.29,0.2
195,1,0.0316,2.1979e+02,5.5448e+01,2.02,3.5669e+01,13872.49,3.3356e+01,504.12,0.2
196,1,0.0311,2.2254e+02,5.7935e+01,1.99,3.5732e+01,13842.30,3.3315e+01,504.67,0.2
197,1,0.0297,2.1897e+02,5.5905e+01,1.98,3.5595e+01,13896.95,3.3426e+01,505.47,0.2
198,1,0.0323,2.1992e+02,5.8695e+01,2.05,3.5570e+01,13901.79,3.3560e+01,508.43,0.2
199,1,0.0307,2.2033e+02,5.7295e+01,2.00,3.5717e+01,13850.33,3.3326e+01,503.41,0.2
200,1,0.0300,2.1952e+02,5.2919e+01,1.92,3.5561e+01,13838.96,3.3388e+01,505.13,0.2
201,1,0.0302,2.2017e+02,5.3135e+01,1.92,3.5647e+01,13884.10,3.3398e+01,505.21,0.2
202,1,0.0299,2.2349e+02,5.7755e+01,1.95,3.5879e+01,13906.03,3.3357e+01,505.37,0.2
203,1,0.0294,2.1888e+02,5.6457e+01,1.97,3.5535e+01,13859.77,3.3529e+01,507.34,0.2
204,1,0.0310,2.2056e+02,5.2959e+01,1.92,3.5636e+01,13824.07,3.3360e+01,505.17,0.3
205,1,0.0291,2.2387e+02,5.6213e+01,1.90,3.5836e+01,13826.52,3.3346e+01,505.19,0.2
206,1,0.0288,2.1860e+02,5.4075e+01,1.94,3.5428e+01,13789.59,3.3443e+01,505.95,0.2
207,1,0.0301,2.2093e+02,5.3998e+01,1.89,3.5685e+01,13787.25,3.3322e+01,504.69,0.2
208,1,0.0300,2.1998e+02,5.4514e+01,1.96,3.5780e+01,13970.92,3.3381e+01,505.34,0.2
209,1,0.0295,2.2214e+02,5.5194e+01,1.93,3.5827e+01,13949.12,3.3406e+01,506.36,0.2
210,1,0.0330,2.2450e+02,6.1333e+01,2.01,3.5724e+01,13871.56,3.3253e+01,503.73,0.2
211,1,0.0332,2.2511e+02,6.1598e+01,1.96,3.5845e+01,13931.04,3.3343e+01,506.05,0.2
212,1,0.0325,2.1908e+02,5.5241e+01,1.98,3.5669e+01,13747.13,3.3309e+01,503.52,0.2
213,1,0.0306,2.1814e+02,5.1136e+01,1.87,3.5646e+01,13912.26,3.3451e+01,506.15,0.2
214,1,0.0276,2.1924e+02,5.3205e+01,1.90,3.5649e+01,13817.10,3.3314e+01,504.05,0.2
215,1,0.0299,2.1817e+02,5.3796e+01,1.92,3.5663e+01,13929.04,3.3496e+01,507.34,0.2
216,1,0.0275,2.2090e+02,5.4366e+01,1.88,3.5761e+01,13888.08,3.3357e+01,505.54,0.2
217,1,0.0273,2.2109e+02,5.3946e+01,1.87,3.5751e+01,13849.85,3.3331e+01,504.57,0.2
218,1,0.0281,2.1842e+02,5.2757e+01,1.89,3.5649e+01,13887.03,3.3491e+01,507.28,0.2
219,1,0.0277,2.1988e+02,5.2006e+01,1.86,3.5735e+01,13860.29,3.3377e+01,505.21,0.2
220,1,0.0287,2.1785e+02,5.0233e+01,1.86,3.5645e+01,13896.31,3.3440e+01,506.19,0.2
221,1,0.0263,2.1802e+02,5.0261e+01,1.86,3.5679e+01,13914.70,3.3443e+01,506.15,0.2
222,1,0.0262,2.1898e+02,4.9915e+01,1.81,3.5696e+01,13851.40,3.3400e+01,505.90,0.2
223,1,0.0270,2.1881e+02,5.0727e+01,1.84,3.5725e+01,13917.61,3.3425e+01,506.34,0.2
224,1,0.0266,2.1879e+02,4.9588e+01,1.81,3.5635e+01,13838.45,3.3381e+01,505.56,0.2
225,1,0.0271,2.2267e+02,5.7260e+01,1.88,3.5768e+01,13859.34,3.3284e+01,503.92,0.2
226,1,0.0308,2.1805e+02,4.8451e+01,1.79,3.5648e+01,13862.35,3.3450e+01,506.64,0.2
227,1,0.0274,2.1963e+02,5.1532e+01,1.84,3.5814e+01,13927.08,3.3407e+01,505.75,0.2
228,1,0.0263,2.1978e+02,5.0506e+01,1.81,3.5610e+01,13811.56,3.3329e+01,504.99,0.2
229,1,0.0258,2.1889e+02,5.0448e+01,1.86,3.5793e+01,13953.89,3.3472e+01,506.93,0.2
230,1,0.0262,2.1744e+02,4.8452e+01,1.79,3.5564e+01,13819.37,3.3413e+01,505.63,0.2
231,1,0.0259,2.2048e+02,5.2143e+01,1.84,3.5797e+01,13921.20,3.3388e+01,505.86,0.2
232,1,0.0267,2.1817e+02,5.0302e+01,1.82,3.5625e+01,13826.51,3.3430e+01,506.39,0.2
233,1,0.0265,2.1802e+02,5.0098e+01,1.83,3.5712e+01,13931.92,3.3418e+01,505.82,0.2
234,1,0.0264,2.1800e+02,4.9237e+01,1.79,3.5576e+01,13838.86,3.3375e+01,505.21,0.2
235,1,0.0255,2.1849e+02,4.9955e+01,1.80,3.5773e+01,13930.53,3.3423e+01,506.15,0.2
236,1,0.0265,2.1788e+02,4.8762e+01,1.76,3.5609e+01,13856.43,3.3429e+01,506.10,0.2
237,1,0.0260,2.1716e+02,4.8536e+01,1.78,3.5651e+01,13899.82,3.3488e+01,506.97,0.2
238,1,0.0256,2.1826e+02,4.8268e+01,1.76,3.5704e+01,13861.83,3.3417e+01,506.37,0.2
239,1,0.0255,2.1780e+02,4.7873e+01,1.75,3.5634e+01,13813.91,3.3383e+01,505.76,0.2
240,1,0.0283,2.1773e+02,5.0884e+01,1.80,3.5658e+01,13892.57,3.3493e+01,507.47,0.2
241,2,15.6855,6.5087e+01,5.0884e+01,1.80,2.3054e+01,6265.35,1.0102e+01,147.74,0.2
242,2,5.3727,5.7294e+01,5.0884e+01,1.80,1.8113e+01,4930.91,1.7437e+00,32.04,0.2
243,2,3.8822,5.5584e+01,5.0884e+01,1.80,1.2242e+01,3797.95,4.0642e+00,59.52,0.2
244,2,3.1833,5.4206e+01,5.0884e+01,1.80,6.4650e+00,321.88,2.7112e+00,39.67,0.2
245,2,2.7254,5.4078e+01,5.0884e+01,1.80,4.9676e+00,1157.92,1.4005e+00,21.42,0.2
246,2,2.4101,5.3593e+01,5.0884e+01,1.80,2.7964e+00,290.66,1.7507e+00,26.72,0.2
247,2,2.1921,5.3765e+01,5.0884e+01,1.80,2.4825e+00,330.64,2.1229e+00,32.00,0.2
248,2,2.0406,5.3620e+01,5.0884e+01,1.80,2.9292e+00,704.47,1.3135e+00,21.68,0.2
249,2,1.9281,5.3584e+01,5.0884e+01,1.80,2.0800e+00,436.32,1.6119e+00,27.22,0.2
250,2,1.8631,5.3674e+01,5.0884e+01,1.80,3.0445e+00,200.83,2.0066e+00,28.03,0.2
251,2,1.8021,5.3690e+01,5.0884e+01,1.80,3.1708e+00,500.29,6.7873e-01,10.74,0.2
252,2,1.7068,5.3552e+01,5.0884e+01,1.80,1.8557e+00,162.95,1.4520e+00,23.67,0.2
253,2,1.6181,5.3592e+01,5.0884e+01,1.80,2.1466e+00,295.90,4.2646e-01,7.13,0.2
254,2,1.5638,5.3618e+01,5.0884e+01,1.80,2.3361e+00,169.19,1.3895e+00,21.05,0.2
255,2,1.5049,5.3581e+01,5.0884e+01,1.80,2.1418e+00,119.58,1.0937e+00,18.03,0.2
256,2,1.4733,5.3572e+01,5.0884e+01,1.80,3.2607e+00,1233.98,1.1038e+00,17.30,0.2
257,2,1.4064,5.3600e+01,5.0884e+01,1.80,1.6721e+00,158.86,5.9266e-01,9.77,0.2
258,2,1.3469,5.3585e+01,5.0884e+01,1.80,2.0974e+00,71.32,1.6471e+00,26.79,0.2
259,2,1.3091,5.3549e+01,5.0884e+01,1.80,2.0788e+00,272.62,1.6769e+00,25.52,0.2
260,2,1.2644,5.3811e+01,5.0884e+01,1.80,4.0572e+00,1020.37,1.1970e+00,17.88,0.2
261,2,1.2726,5.3636e+01,5.0884e+01,1.80,2.9478e+00,962.54,5.8903e-01,11.22,0.2
262,2,1.2085,5.3573e+01,5.0884e+01,1.80,3.6605e+00,1339.08,9.9301e-01,15.09,0.2
263,2,1.1844,5.3560e+01,5.0884e+01,1.80,2.2155e+00,531.83,5.6453e-01,9.62,0.2
264,2,1.1376,5.3613e+01,5.0884e+01,1.80,2.0218e+00,584.50,7.2451e-01,10.34,0.2
265,2,1.0964,5.3632e+01,5.0884e+01,1.80,3.1185e+00,671.37,5.4331e-01,10.02,0.2
266,2,1.0877,5.3573e+01,5.0884e+01,1.80,2.2789e+00,282.63,1.0287e+00,16.25,0.2
267,2,1.0613,5.3609e+01,5.0884e+01,1.80,1.6988e+00,315.31,7.5183e-01,11.81,0.2
268,2,1.0052,5.3584e+01,5.0884e+01,1.80,2.6385e+00,718.27,6.2623e-01,9.50,0.2
269,2,0.9787,5.3635e+01,5.0884e+01,1.80,2.4086e+00,263.41,3.4839e-01,6.46,0.2
270,2,0.9662,5.3556e+01,5.0884e+01,1.80,1.5896e+00,428.74,6.3240e-01,10.82,0.2
271,2,0.9502,5.3591e+01,5.0884e+01,1.80,1.4818e+00,314.81,3.9079e-01,5.87,0.2
272,2,0.9001,5.3637e+01,5.0884e+01,1.80,1.4258e+00,242.54,8.1134e-01,12.07,0.2
273,2,0.8814,5.3648e+01,5.0884e+01,1.80,3.0549e+00,520.32,7.3919e-01,12.66,0.2
274,2,0.8780,5.3561e+01,5.0884e+01,1.80,2.0641e+00,364.56,3.2398e-01,5.93,0.2
275,2,0.8811,5.3602e+01,5.0884e+01,1.80,1.6180e+00,262.29,2.7170e-01,4.32,0.2
276,2,0.8413,5.3734e+01,5.0884e+01,1.80,1.5913e+00,372.00,1.7235e+00,25.47,0.2
277,2,0.8389,5.3555e+01,5.0884e+01,1.80,1.8679e+00,121.80,1.2227e+00,19.70,0.2
278,2,0.8265,5.3604e+01,5.0884e+01,1.80,2.2410e+00,907.99,1.0127e+00,14.76,0.2
279,2,0.7946,5.3580e+01,5.0884e+01,1.80,2.2610e+00,362.03,1.0664e+00,16.07,0.2
280,2,0.7931,5.3579e+01,5.0884e+01,1.80,2.1911e+00,288.77,4.4268e-01,7.34,0.2
281,2,0.7819,5.3658e+01,5.0884e+01,1.80,1.5430e+00,112.48,3.4383e-01,5.53,0.2
282,2,0.7467,5.3570e+01,5.0884e+01,1.80,1.8743e+00,510.12,7.3725e-01,11.98,0.2
283,2,0.7487,5.3605e+01,5.0884e+01,1.80,2.0792e+00,509.06,5.8954e-01,8.50,0.2
284,2,0.7291,5.3688e+01,5.0884e+01,1.80,1.5024e+00,412.22,5.3395e-01,9.75,0.2
285,2,0.7073,5.3568e+01,5.0884e+01,1.80,1.9474e+00,215.94,4.3599e-01,6.40,0.2
286,2,0.6862,5.3575e+01,5.0884e+01,1.80,1.9204e+00,221.33,4.3493e-01,6.71,0.2
287,2,0.6650,5.3570e+01,5.0884e+01,1.80,1.6783e+00,324.44,5.0003e-01,8.06,0.2
288,2,0.6621,5.3616e+01,5.0884e+01,1.80,1.0773e+00,118.27,4.6979e-01,6.95,0.2
289,2,0.6601,5.3547e+01,5.0884e+01,1.80,1.4132e+00,334.64,5.0058e-01,9.30,0.2
290,2,0.6509,5.3591e+01,5.0884e+01,1.80,1.3880e+00,151.35,2.9293e-01,5.10,0.2
291,2,0.6274,5.3553e+01,5.0884e+01,1.80,1.2710e+00,392.42,6.9003e-01,11.18,0.2
292,2,0.6334,5.3549e+01,5.0884e+01,1.80,1.3693e+00,303.89,2.3594e-01,3.62,0.2
293,2,0.6223,5.3613e+01,5.0884e+01,1.80,1.0586e+00,68.52,2.7058e-01,3.76,0.2
294,2,0.5807,5.3595e+01,5.0884e+01,1.80,1.6236e+00,144.49,5.0286e-01,8.23,0.2
295,2,0.5661,5.3547e+01,5.0884e+01,1.80,1.6241e+00,387.05,3.2596e-01,4.89,0.2
296,2,0.5572,5.3546e+01,5.0884e+01,1.80,1.7810e+00,350.93,2.3636e-01,3.45,0.2
297,2,0.5439,5.3564e+01,5.0884e+01,1.80,2.0153e+00,400.86,3.7298e-01,5.94,0.2
298,2,0.5354,5.3553e+01,5.0884e+01,1.80,1.2625e+00,178.15,4.3237e-01,6.53,0.2
299,2,0.5310,5.3532e+01,5.0884e+01,1.80,1.6955e+00,203.60,4.9949e-01,7.33,0.2
300,2,0.5226,5.3532e+01,5.0884e+01,1.80,1.5537e+00,386.36,3.1327e-01,5.17,0.2
301,2,0.5209,5.3559e+01,5.0884e+01,1.80,1.6047e+00,282.31,3.5024e-01,5.94,0.2
302,2,0.5108,5.3564e+01,5.0884e+01,1.80,1.9291e+00,484.96,3.6024e-01,6.07,0.2
303,2,0.5035,5.3544e+01,5.0884e+01,1.80,1.9718e+00,415.16,3.0039e-01,4.47,0.2
304,2,0.4985,5.3542e+01,5.0884e+01,1.80,1.3960e+00,294.79,2.5460e-01,4.38,0.2
305,2,0.4951,5.3551e+01,5.0884e+01,1.80,1.5989e+00,454.48,2.4818e-01,4.02,0.2
306,2,0.4888,5.3578e+01,5.0884e+01,1.80,1.9184e+00,258.41,5.5399e-01,9.40,0.2
307,2,0.4857,5.3547e+01,5.0884e+01,1.80,1.5675e+00,444.01,2.6141e-01,4.08,0.2
308,2,0.4705,5.3533e+01,5.0884e+01,1.80,1.5257e+00,114.31,3.0042e-01,4.76,0.2
309,2,0.4758,5.3574e+01,5.0884e+01,1.80,1.9586e+00,270.48,3.3891e-01,4.81,0.2
310,2,0.4656,5.3558e+01,5.0884e+01,1.80,1.5237e+00,184.08,4.3533e-01,7.08,0.2
311,2,0.4662,5.3542e+01,5.0884e+01,1.80,1.5047e+00,210.45,2.3809e-01,4.17,0.2
312,2,0.4596,5.3531e+01,5.0884e+01,1.80,1.4783e+00,195.63,2.2895e-01,3.26,0.2
313,2,0.4518,5.3532e+01,5.0884e+01,1.80,1.6529e+00,443.64,2.5932e-01,4.33,0.2
314,2,0.4439,5.3552e+01,5.0884e+01,1.80,1.2215e+00,204.95,4.1315e-01,6.19,0.2
315,2,0.4473,5.3559e+01,5.0884e+01,1.80,1.9356e+00,461.63,3.1545e-01,4.28,0.2
316,2,0.4447,5.3544e+01,5.0884e+01,1.80,1.3722e+00,179.37,2.6342e-01,3.74,0.2
317,2,0.4326,5.3560e+01,5.0884e+01,1.80,1.4937e+00,344.12,2.8724e-01,4.26,0.2
318,2,0.4336,5.3554e+01,5.0884e+01,1.80,1.5771e+00,235.46,4.7456e-01,7.15,0.2
319,2,0.4233,5.3538e+01,5.0884e+01,1.80,1.8343e+00,435.66,6.6875e-01,10.39,0.2
320,2,0.4174,5.3568e+01,5.0884e+01,1.80,1.3513e+00,172.13,2.3961e-01,3.39,0.2
321,2,0.3968,5.3534e+01,5.0884e+01,1.80,1.0491e+00,49.17,4.5460e-01,6.83,0.2
322,2,0.3926,5.3554e+01,5.0884e+01,1.80,1.2091e+00,48.91,2.1338e-01,3.05,0.2
323,2,0.3897,5.3542e+01,5.0884e+01,1.80,1.1284e+00,107.44,3.5280e-01,5.20,0.2
324,2,0.3882,5.3551e+01,5.0884e+01,1.80,9.9891e-01,39.19,2.4964e-01,3.48,0.2
325,2,0.3829,5.3554e+01,5.0884e+01,1.80,9.6749e-01,51.35,1.9789e-01,2.86,0.2
326,2,0.3822,5.3544e+01,5.0884e+01,1.80,9.6245e-01,73.88,2.2518e-01,3.61,0.2
327,2,0.3762,5.3533e+01,5.0884e+01,1.80,9.7398e-01,46.02,4.0389e-01,6.27,0.2
328,2,0.3764,5.3544e+01,5.0884e+01,1.80,9.5779e-01,48.65,2.3145e-01,3.24,0.2
329,2,0.3743,5.3556e+01,5.0884e+01,1.80,1.0353e+00,62.59,2.2759e-01,3.39,0.2
330,2,0.3729,5.3540e+01,5.0884e+01,1.80,1.0079e+00,89.12,2.6505e-01,3.65,0.2
331,2,0.3677,5.3540e+01,5.0884e+01,1.80,1.0654e+00,59.50,3.5523e-01,5.55,0.2
332,2,0.3649,5.3533e+01,5.0884e+01,1.80,9.8926e-01,196.41,3.0399e-01,4.54,0.2
333,2,0.3631,5.3534e+01,5.0884e+01,1.80,9.4434e-01,89.85,2.0901e-01,2.87,0.2
334,2,0.3599,5.3539e+01,5.0884e+01,1.80,9.0404e-01,103.92,3.0208e-01,4.79,0.2
335,2,0.3598,5.3538e+01,5.0884e+01,1.80,1.2576e+00,39.31,3.5650e-01,5.26,0.2
336,2,0.3605,5.3563e+01,5.0884e+01,1.80,9.0994e-01,123.79,1.9853e-01,2.87,0.2
337,2,0.3556,5.3543e+01,5.0884e+01,1.80,9.1346e-01,41.44,3.5863e-01,5.56,0.2
338,2,0.3506,5.3553e+01,5.0884e+01,1.80,9.0597e-01,75.70,2.6136e-01,3.32,0.2
339,2,0.3504,5.3542e+01,5.0884e+01,1.80,1.0123e+00,50.98,2.1977e-01,3.32,0.2
340,2,0.3456,5.3549e+01,5.0884e+01,1.80,9.4718e-01,50.37,2.1092e-01,3.14,0.2
341,2,0.3449,5.3533e+01,5.0884e+01,1.80,9.0808e-01,53.37,2.0521e-01,3.03,0.2
342,2,0.3413,5.3566e+01,5.0884e+01,1.80,9.9944e-01,40.40,2.8195e-01,4.11,0.2
343,2,0.3480,5.3556e+01,5.0884e+01,1.80,1.0240e+00,82.50,3.0535e-01,4.23,0.2
344,2,0.3488,5.3547e+01,5.0884e+01,1.80,9.8800e-01,69.55,3.0363e-01,4.41,0.2
345,2,0.3402,5.3540e+01,5.0884e+01,1.80,1.0550e+00,145.76,2.5231e-01,3.22,0.2
346,2,0.3379,5.3556e+01,5.0884e+01,1.80,9.1935e-01,89.97,1.9605e-01,2.68,0.2
347,2,0.3355,5.3536e+01,5.0884e+01,1.80,1.0155e+00,49.93,2.1436e-01,2.69,0.2
348,2,0.3319,5.3557e+01,5.0884e+01,1.80,8.9082e-01,92.73,3.2033e-01,4.94,0.2
349,2,0.3290,5.3544e+01,5.0884e+01,1.80,1.0175e+00,47.70,2.7243e-01,3.82,0.2
350,2,0.3252,5.3552e+01,5.0884e+01,1.80,9.4174e-01,64.21,3.2833e-01,4.37,0.2
351,2,0.3285,5.3538e+01,5.0884e+01,1.80,9.8450e-01,66.56,3.0395e-01,4.55,0.2
352,2,0.3243,5.3563e+01,5.0884e+01,1.80,9.3787e-01,45.05,2.3628e-01,3.54,0.2
353,2,0.3167,5.3549e+01,5.0884e+01,1.80,9.5479e-01,64.83,1.8579e-01,2.40,0.2
354,2,0.3133,5.3533e+01,5.0884e+01,1.80,8.7761e-01,53.47,2.0194e-01,2.88,0.2
355,2,0.3101,5.3541e+01,5.0884e+01,1.80,9.7421e-01,125.67,2.2463e-01,3.21,0.2
356,2,0.3078,5.3529e+01,5.0884e+01,1.80,9.4815e-01,90.01,2.1089e-01,2.96,0.2
357,2,0.3096,5.3540e+01,5.0884e+01,1.80,8.9754e-01,82.00,2.1740e-01,2.79,0.2
358,2,0.3092,5.3538e+01,5.0884e+01,1.80,9.1669e-01,109.23,1.8857e-01,2.46,0.2
359,2,0.3051,5.3535e+01,5.0884e+01,1.80,9.3942e-01,51.56,2.3046e-01,3.28,0.2
360,2,0.3039,5.3542e+01,5.0884e+01,1.80,8.7377e-01,49.64,1.8869e-01,2.47,0.2
361,2,0.3044,5.3545e+01,5.0884e+01,1.80,8.5720e-01,54.72,1.8410e-01,2.37,0.2
362,2,0.3011,5.3536e+01,5.0884e+01,1.80,9.1356e-01,45.39,1.9352e-01,2.60,0.2
363,2,0.3014,5.3532e+01,5.0884e+01,1.80,8.3377e-01,46.63,2.1158e-01,3.05,0.2
364,2,0.3002,5.3548e+01,5.0884e+01,1.80,9.0920e-01,54.90,2.1927e-01,3.09,0.2
365,2,0.2991,5.3533e+01,5.0884e+01,1.80,8.8829e-01,65.86,2.4998e-01,3.75,0.2
366,2,0.2980,5.3534e+01,5.0884e+01,1.80,8.5796e-01,58.78,2.4860e-01,3.50,0.2
367,2,0.2993,5.3532e+01,5.0884e+01,1.80,8.4662e-01,46.06,2.3889e-01,3.53,0.2
368,2,0.2943,5.3541e+01,5.0884e+01,1.80,9.0721e-01,94.46,1.8921e-01,2.35,0.2
369,2,0.2966,5.3557e+01,5.0884e+01,1.80,8.7945e-01,43.38,2.0918e-01,2.86,0.2
370,2,0.2913,5.3540e+01,5.0884e+01,1.80,8.7084e-01,75.63,2.3046e-01,3.43,0.2
371,2,0.2897,5.3536e+01,5.0884e+01,1.80,8.6625e-01,49.26,1.9814e-01,2.72,0.2
372,2,0.2876,5.3538e+01,5.0884e+01,1.80,8.3462e-01,34.18,1.9477e-01,2.68,0.2
373,2,0.2878,5.3539e+01,5.0884e+01,1.80,8.6555e-01,57.43,2.1483e-01,3.03,0.2
374,2,0.2873,5.3535e+01,5.0884e+01,1.80,8.5709e-01,41.35,2.2659e-01,3.31,0.2
375,2,0.2862,5.3536e+01,5.0884e+01,1.80,8.6114e-01,58.61,2.1817e-01,3.11,0.2
376,2,0.2859,5.3540e+01,5.0884e+01,1.80,8.3969e-01,43.99,2.2221e-01,3.23,0.2
377,2,0.2848,5.3537e+01,5.0884e+01,1.80,8.5393e-01,33.52,2.2873e-01,3.46,0.2
378,2,0.2847,5.3541e+01,5.0884e+01,1.80,8.3446e-01,56.15,2.2174e-01,3.26,0.2
379,2,0.2841,5.3538e+01,5.0884e+01,1.80,8.4933e-01,39.18,2.0578e-01,2.86,0.2
380,2,0.2834,5.3536e+01,5.0884e+01,1.80,8.9345e-01,65.52,2.0718e-01,2.97,0.2
381,2,0.2827,5.3534e+01,5.0884e+01,1.80,8.7520e-01,67.39,2.0028e-01,2.66,0.2
382,2,0.2815,5.3536e+01,5.0884e+01,1.80,8.4881e-01,43.92,1.9877e-01,2.72,0.2
383,2,0.2814,5.3537e+01,5.0884e+01,1.80,8.9644e-01,34.48,2.3359e-01,3.47,0.2
384,2,0.2816,5.3546e+01,5.0884e+01,1.80,8.4004e-01,46.45,2.0051e-01,2.77,0.2
385,2,0.2808,5.3540e+01,5.0884e+01,1.80,8.3221e-01,61.73,2.0390e-01,2.83,0.2
386,2,0.2788,5.3540e+01,5.0884e+01,1.80,8.5588e-01,44.81,2.3098e-01,3.41,0.2
387,2,0.2783,5.3540e+01,5.0884e+01,1.80,8.2508e-01,38.66,2.1764e-01,3.17,0.2
388,2,0.2778,5.3538e+01,5.0884e+01,1.80,8.3080e-01,42.66,2.2329e-01,3.18,0.2
389,2,0.2782,5.3535e+01,5.0884e+01,1.80,8.2575e-01,43.09,2.1810e-01,3.08,0.2
390,2,0.2780,5.3537e+01,5.0884e+01,1.80,8.2296e-01,61.09,2.1790e-01,3.11,0.2
391,2,0.2777,5.3539e+01,5.0884e+01,1.80,8.2838e-01,36.91,2.2704e-01,3.34,0.2
392,2,0.2775,5.3538e+01,5.0884e+01,1.80,8.1814e-01,39.44,2.0469e-01,2.88,0.2
393,2,0.2757,5.3536e+01,5.0884e+01,1.80,8.3483e-01,37.56,2.0272e-01,2.76,0.2
394,2,0.2760,5.3542e+01,5.0884e+01,1.80,8.3587e-01,41.90,2.1869e-01,3.10,0.2
395,2,0.2762,5.3538e+01,5.0884e+01,1.80,8.2402e-01,34.04,1.9333e-01,2.53,0.2
396,2,0.2750,5.3541e+01,5.0884e+01,1.80,8.4490e-01,54.36,2.3414e-01,3.36,0.2
397,2,0.2750,5.3541e+01,5.0884e+01,1.80,8.2391e-01,35.42,1.9700e-01,2.63,0.2
398,2,0.2746,5.3540e+01,5.0884e+01,1.80,8.3745e-01,53.98,2.4029e-01,3.55,0.2
399,2,0.2757,5.3536e+01,5.0884e+01,1.80,8.3986e-01,36.47,2.0557e-01,2.82,0.2
400,2,0.2732,5.3539e+01,5.0884e+01,1.80,8.1787e-01,33.85,2.2141e-01,3.15,0.2
401,2,0.2745,5.3541e+01,5.0884e+01,1.80,8.4110e-01,39.32,2.2191e-01,3.24,0.2
402,2,0.2723,5.3536e+01,5.0884e+01,1.80,8.3547e-01,42.29,2.1354e-01,3.00,0.2
403,2,0.2738,5.3539e+01,5.0884e+01,1.80,8.1993e-01,34.89,2.0273e-01,2.77,0.2
404,2,0.2732,5.3539e+01,5.0884e+01,1.80,8.1887e-01,35.28,1.9446e-01,2.57,0.2
405,2,0.2731,5.3537e+01,5.0884e+01,1.80,8.3600e-01,43.49,2.2989e-01,3.25,0.2
406,2,0.2723,5.3539e+01,5.0884e+01,1.80,8.3457e-01,40.89,2.1649e-01,3.06,0.2
407,2,0.2728,5.3541e+01,5.0884e+01,1.80,8.2253e-01,37.10,2.0918e-01,2.88,0.2
408,2,0.2727,5.3538e+01,5.0884e+01,1.80,8.2340e-01,36.18,2.0816e-01,2.92,0.2
409,2,0.2721,5.3539e+01,5.0884e+01,1.80,8.3363e-01,37.22,2.0747e-01,2.81,0.2
410,2,0.2713,5.3538e+01,5.0884e+01,1.80,8.2569e-01,33.32,2.0569e-01,2.83,0.2
411,2,0.2730,5.3541e+01,5.0884e+01,1.80,8.4703e-01,35.41,2.0552e-01,2.84,0.2
412,2,0.2717,5.3538e+01,5.0884e+01,1.80,8.1581e-01,35.36,2.1785e-01,3.10,0.2
413,2,0.2706,5.3537e+01,5.0884e+01,1.80,8.3495e-01,48.72,2.0711e-01,2.85,0.2
414,2,0.2715,5.3538e+01,5.0884e+01,1.80,8.2060e-01,35.52,2.1657e-01,3.08,0.2
415,2,0.2709,5.3536e+01,5.0884e+01,1.80,8.2216e-01,33.42,2.1330e-01,3.00,0.2
416,2,0.2708,5.3539e+01,5.0884e+01,1.80,8.2426e-01,35.18,2.0871e-01,2.91,0.2
417,2,0.2713,5.3540e+01,5.0884e+01,1.80,8.2246e-01,42.30,2.0773e-01,2.88,0.2
418,2,0.2709,5.3540e+01,5.0884e+01,1.80,8.2652e-01,42.48,2.1540e-01,3.01,0.2
419,2,0.2715,5.3538e+01,5.0884e+01,1.80,8.1828e-01,34.86,2.1462e-01,3.04,0.2
420,2,0.2717,5.3537e+01,5.0884e+01,1.80,8.2156e-01,35.01,2.1049e-01,2.88,0.2
421,2,0.2704,5.3538e+01,5.0884e+01,1.80,8.3764e-01,53.40,2.1081e-01,2.94,0.2
422,2,0.2705,5.3541e+01,5.0884e+01,1.80,8.1904e-01,36.19,2.1882e-01,3.06,0.2
423,2,0.2713,5.3538e+01,5.0884e+01,1.80,8.3252e-01,43.25,2.0720e-01,2.86,0.2
424,2,0.2699,5.3537e+01,5.0884e+01,1.80,8.1830e-01,36.04,2.1065e-01,2.91,0.2
425,2,0.2689,5.3538e+01,5.0884e+01,1.80,8.3136e-01,38.39,2.1162e-01,2.96,0.2
426,2,0.2701,5.3539e+01,5.0884e+01,1.80,8.2997e-01,46.89,2.0937e-01,2.90,0.2
427,2,0.2684,5.3540e+01,5.0884e+01,1.80,8.3371e-01,40.85,2.1300e-01,2.97,0.2
428,2,0.2698,5.3541e+01,5.0884e+01,1.80,8.1966e-01,36.39,2.1467e-01,3.04,0.2
429,2,0.2698,5.3540e+01,5.0884e+01,1.80,8.2723e-01,38.09,2.1520e-01,3.02,0.2
430,2,0.2693,5.3538e+01,5.0884e+01,1.80,8.2789e-01,44.43,2.1086e-01,2.93,0.2
431,2,0.2696,5.3539e+01,5.0884e+01,1.80,8.2671e-01,36.92,2.1206e-01,2.98,0.2
432,2,0.2700,5.3539e+01,5.0884e+01,1.80,8.3092e-01,42.66,2.1108e-01,2.93,0.2
433,2,0.2705,5.3538e+01,5.0884e+01,1.80,8.2058e-01,35.22,2.2016e-01,3.12,0.2
434,2,0.2692,5.3540e+01,5.0884e+01,1.80,8.2576e-01,36.90,2.0823e-01,2.85,0.2
435,2,0.2693,5.3539e+01,5.0884e+01,1.80,8.2936e-01,41.85,2.1454e-01,3.01,0.2
436,2,0.2695,5.3539e+01,5.0884e+01,1.80,8.2262e-01,40.12,2.0969e-01,2.93,0.2
437,2,0.2679,5.3539e+01,5.0884e+01,1.80,8.2939e-01,35.49,2.1089e-01,2.92,0.2
438,2,0.2694,5.3539e+01,5.0884e+01,1.80,8.2270e-01,37.04,2.1159e-01,2.94,0.2
439,2,0.2685,5.3539e+01,5.0884e+01,1.80,8.2289e-01,40.15,2.0960e-01,2.91,0.2
440,2,0.2695,5.3539e+01,5.0884e+01,1.80,8.2139e-01,37.18,2.1216e-01,2.97,0.2
441,2,0.2701,5.3539e+01,5.0884e+01,1.80,8.2308e-01,39.42,2.1556e-01,3.03,0.2
442,2,0.2692,5.3539e+01,5.0884e+01,1.80,8.2326e-01,38.44,2.1665e-01,3.06,0.2
443,2,0.2691,5.3539e+01,5.0884e+01,1.80,8.2299e-01,36.90,2.1121e-01,2.94,0.2
444,2,0.2692,5.3540e+01,5.0884e+01,1.80,8.2203e-01,39.37,2.1390e-01,3.01,0.2
445,2,0.2691,5.3539e+01,5.0884e+01,1.80,8.2251e-01,36.54,2.1610e-01,3.04,0.2
446,2,0.2686,5.3539e+01,5.0884e+01,1.80,8.2651e-01,39.90,2.1438e-01,3.00,0.2
447,2,0.2689,5.3539e+01,5.0884e+01,1.80,8.2569e-01,37.19,2.1553e-01,3.02,0.2
448,2,0.2691,5.3539e+01,5.0884e+01,1.80,8.2181e-01,38.26,2.0987e-01,2.90,0.2
449,2,0.2682,5.3539e+01,5.0884e+01,1.80,8.2113e-01,38.18,2.1354e-01,2.98,0.2
450,2,0.2689,5.3539e+01,5.0884e+01,1.80,8.2173e-01,37.73,2.1398e-01,3.00,0.2
451,2,0.2690,5.3539e+01,5.0884e+01,1.80,8.2168e-01,36.22,2.1270e-01,2.97,0.2
452,2,0.2699,5.3539e+01,5.0884e+01,1.80,8.2243e-01,38.05,2.0974e-01,2.91,0.2
453,2,0.2690,5.3539e+01,5.0884e+01,1.80,8.2365e-01,38.77,2.1102e-01,2.94,0.2
454,2,0.2688,5.3539e+01,5.0884e+01,1.80,8.2368e-01,39.06,2.1455e-01,3.02,0.2
455,2,0.2685,5.3539e+01,5.0884e+01,1.80,8.2354e-01,38.03,2.1700e-01,3.07,0.2
456,2,0.2694,5.3539e+01,5.0884e+01,1.80,8.2265e-01,39.52,2.1383e-01,3.01,0.2
457,2,0.2683,5.3539e+01,5.0884e+01,1.80,8.2317e-01,39.07,2.1289e-01,2.98,0.2
458,2,0.2679,5.3539e+01,5.0884e+01,1.80,8.2341e-01,37.95,2.1621e-01,3.03,0.2
459,2,0.2685,5.3539e+01,5.0884e+01,1.80,8.2448e-01,39.36,2.1496e-01,3.01,0.2
460,2,0.2684,5.3539e+01,5.0884e+01,1.80,8.2531e-01,40.16,2.1515e-01,3.02,0.2
461,2,0.2686,5.3539e+01,5.0884e+01,1.80,8.2419e-01,39.82,2.1396e-01,2.99,0.2
462,2,0.2690,5.3539e+01,5.0884e+01,1.80,8.2250e-01,38.50,2.1360e-01,2.99,0.2
463,2,0.2694,5.3538e+01,5.0884e+01,1.80,8.2131e-01,37.66,2.1405e-01,3.00,0.2
464,2,0.2676,5.3538e+01,5.0884e+01,1.80,8.2170e-01,37.95,2.1475e-01,3.01,0.2
465,2,0.2681,5.3539e+01,5.0884e+01,1.80,8.2208e-01,36.99,2.1416e-01,2.99,0.2
466,2,0.2684,5.3539e+01,5.0884e+01,1.80,8.2383e-01,36.28,2.1294e-01,2.97,0.2
467,2,0.2686,5.3539e+01,5.0884e+01,1.80,8.2277e-01,35.60,2.1280e-01,2.97,0.2
468,2,0.2684,5.3539e+01,5.0884e+01,1.80,8.2175e-01,36.30,2.1273e-01,2.97,0.2
469,2,0.2689,5.3539e+01,5.0884e+01,1.80,8.2297e-01,38.28,2.1230e-01,2.96,0.2
470,2,0.2694,5.3539e+01,5.0884e+01,1.80,8.2270e-01,37.94,2.1277e-01,2.97,0.2
471,2,0.2689,5.3539e+01,5.0884e+01,1.80,8.2220e-01,37.34,2.1319e-01,2.98,0.2
472,2,0.2680,5.3539e+01,5.0884e+01,1.80,8.2191e-01,37.35,2.1268e-01,2.97,0.2
473,2,0.2691,5.3539e+01,5.0884e+01,1.80,8.2183e-01,37.36,2.1246e-01,2.96,0.2
474,2,0.2690,5.3539e+01,5.0884e+01,1.80,8.2208e-01,37.00,2.1264e-01,2.97,0.2
475,2,0.2687,5.3539e+01,5.0884e+01,1.80,8.2202e-01,36.88,2.1262e-01,2.97,0.2
476,2,0.2684,5.3539e+01,5.0884e+01,1.80,8.2214e-01,37.25,2.1327e-01,2.98,0.2
477,2,0.2692,5.3539e+01,5.0884e+01,1.80,8.2225e-01,37.70,2.1385e-01,2.99,0.2
478,2,0.2682,5.3539e+01,5.0884e+01,1.80,8.2190e-01,37.67,2.1385e-01,2.99,0.2
479,2,0.2690,5.3539e+01,5.0884e+01,1.80,8.2200e-01,37.54,2.1404e-01,3.00,0.2
480,2,0.2681,5.3539e+01,5.0884e+01,1.80,8.2164e-01,36.91,2.1417e-01,3.00,0.2
481,2,0.2684,5.3539e+01,5.0884e+01,1.80,8.2154e-01,37.23,2.1422e-01,3.00,0.2
482,2,0.2681,5.3539e+01,5.0884e+01,1.80,8.2178e-01,37.48,2.1431e-01,3.00,0.2
483,2,0.2683,5.3539e+01,5.0884e+01,1.80,8.2237e-01,37.88,2.1422e-01,3.00,0.2
484,2,0.2687,5.3539e+01,5.0884e+01,1.80,8.2267e-01,38.07,2.1401e-01,3.00,0.2
485,2,0.2681,5.3539e+01,5.0884e+01,1.80,8.2277e-01,37.86,2.1407e-01,3.00,0.2
486,2,0.2681,5.3539e+01,5.0884e+01,1.80,8.2319e-01,37.79,2.1417e-01,3.00,0.2
487,2,0.2683,5.3539e+01,5.0884e+01,1.80,8.2271e-01,37.71,2.1382e-01,2.99,0.2
488,2,0.2688,5.3539e+01,5.0884e+01,1.80,8.2263e-01,37.89,2.1397e-01,2.99,0.2
489,2,0.2689,5.3539e+01,5.0884e+01,1.80,8.2218e-01,37.82,2.1386e-01,2.99,0.2
490,2,0.2683,5.3539e+01,5.0884e+01,1.80,8.2241e-01,38.23,2.1343e-01,2.98,0.2
491,2,0.2681,5.3539e+01,5.0884e+01,1.80,8.2222e-01,38.29,2.1298e-01,2.97,0.2
492,2,0.2686,5.3539e+01,5.0884e+01,1.80,8.2200e-01,37.97,2.1296e-01,2.97,0.2
493,2,0.2685,5.3539e+01,5.0884e+01,1.80,8.2164e-01,37.54,2.1271e-01,2.97,0.2
494,2,0.2686,5.3539e+01,5.0884e+01,1.80,8.2158e-01,37.39,2.1289e-01,2.97,0.2
495,2,0.2684,5.3539e+01,5.0884e+01,1.80,8.2158e-01,37.36,2.1323e-01,2.98,0.2
496,2,0.2684,5.3539e+01,5.0884e+01,1.80,8.2177e-01,37.42,2.1336e-01,2.98,0.2
497,2,0.2678,5.3539e+01,5.0884e+01,1.80,8.2188e-01,37.53,2.1337e-01,2.98,0.2
498,2,0.2682,5.3539e+01,5.0884e+01,1.80,8.2197e-01,37.53,2.1330e-01,2.98,0.2
499,2,0.2683,5.3539e+01,5.0884e+01,1.80,8.2196e-01,37.44,2.1318e-01,2.98,0.2
500,2,0.2687,5.3539e+01,5.0884e+01,1.80,8.2202e-01,37.45,2.1325e-01,2.98,0.2
501,2,0.2684,5.3539e+01,5.0884e+01,1.80,8.2221e-01,37.57,2.1342e-01,2.98,0.2
502,2,0.2690,5.3539e+01,5.0884e+01,1.80,8.2257e-01,37.80,2.1373e-01,2.99,0.2
503,2,0.2689,5.3539e+01,5.0884e+01,1.80,8.2237e-01,37.85,2.1379e-01,2.99,0.2
504,2,0.2677,5.3539e+01,5.0884e+01,1.80,8.2235e-01,37.84,2.1370e-01,2.99,0.2
505,2,0.2678,5.3539e+01,5.0884e+01,1.80,8.2256e-01,37.87,2.1375e-01,2.99,0.2
506,2,0.2680,5.3539e+01,5.0884e+01,1.80,8.2255e-01,37.83,2.1373e-01,2.99,0.2
507,2,0.2683,5.3539e+01,5.0884e+01,1.80,8.2251e-01,37.67,2.1369e-01,2.99,0.2
508,2,0.2688,5.3539e+01,5.0884e+01,1.80,8.2259e-01,37.66,2.1374e-01,2.99,0.2
509,2,0.2697,5.3539e+01,5.0884e+01,1.80,8.2267e-01,37.77,2.1378e-01,2.99,0.2
510,2,0.2696,5.3539e+01,5.0884e+01,1.80,8.2270e-01,37.73,2.1383e-01,2.99,0.2
511,2,0.2688,5.3539e+01,5.0884e+01,1.80,8.2270e-01,37.77,2.1384e-01,2.99,0.2
512,2,0.2679,5.3539e+01,5.0884e+01,1.80,8.2275e-01,37.73,2.1376e-01,2.99,0.2
513,2,0.2686,5.3539e+01,5.0884e+01,1.80,8.2268e-01,37.77,2.1382e-01,2.99,0.2
514,2,0.2692,5.3539e+01,5.0884e+01,1.80,8.2274e-01,37.98,2.1389e-01,2.99,0.2
515,2,0.2685,5.3539e+01,5.0884e+01,1.80,8.2273e-01,37.97,2.1393e-01,2.99,0.2
516,2,0.2688,5.3539e+01,5.0884e+01,1.80,8.2274e-01,37.96,2.1392e-01,2.99,0.2
517,2,0.2686,5.3539e+01,5.0884e+01,1.80,8.2273e-01,37.96,2.1389e-01,2.99,0.2
518,2,0.2686,5.3539e+01,5.0884e+01,1.80,8.2265e-01,37.94,2.1379e-01,2.99,0.2
519,2,0.2680,5.3539e+01,5.0884e+01,1.80,8.2269e-01,38.03,2.1368e-01,2.99,0.2
520,2,0.2679,5.3539e+01,5.0884e+01,1.80,8.2266e-01,38.03,2.1362e-01,2.99,0.2
521,2,0.2683,5.3539e+01,5.0884e+01,1.80,8.2255e-01,38.00,2.1362e-01,2.99,0.2
522,2,0.2688,5.3539e+01,5.0884e+01,1.80,8.2255e-01,38.06,2.1360e-01,2.99,0.2
523,2,0.2692,5.3539e+01,5.0884e+01,1.80,8.2256e-01,37.99,2.1364e-01,2.99,0.2
524,2,0.2684,5.3539e+01,5.0884e+01,1.80,8.2255e-01,37.98,2.1364e-01,2.99,0.2
525,2,0.2681,5.3539e+01,5.0884e+01,1.80,8.2265e-01,38.00,2.1366e-01,2.99,0.2
526,2,0.2686,5.3539e+01,5.0884e+01,1.80,8.2266e-01,38.00,2.1365e-01,2.99,0.2
527,2,0.2685,5.3539e+01,5.0884e+01,1.80,8.2267e-01,37.99,2.1365e-01,2.99,0.2
528,2,0.2682,5.3539e+01,5.0884e+01,1.80,8.2262e-01,37.97,2.1364e-01,2.99,0.2
529,2,0.2685,5.3539e+01,5.0884e+01,1.80,8.2259e-01,38.00,2.1361e-01,2.99,0.2
530,2,0.2687,5.3539e+01,5.0884e+01,1.80,8.2256e-01,37.99,2.1358e-01,2.99,0.2
531,2,0.2686,5.3539e+01,5.0884e+01,1.80,8.2251e-01,37.99,2.1355e-01,2.98,0.2
532,2,0.2690,5.3539e+01,5.0884e+01,1.80,8.2250e-01,38.04,2.1351e-01,2.98,0.2
533,2,0.2679,5.3539e+01,5.0884e+01,1.80,8.2254e-01,38.06,2.1346e-01,2.98,0.2
534,2,0.2684,5.3539e+01,5.0884e+01,1.80,8.2253e-01,38.04,2.1353e-01,2.98,0.2
535,2,0.2685,5.3539e+01,5.0884e+01,1.80,8.2250e-01,38.01,2.1357e-01,2.99,0.2
536,2,0.2680,5.3539e+01,5.0884e+01,1.80,8.2244e-01,37.93,2.1352e-01,2.98,0.2
537,2,0.2686,5.3539e+01,5.0884e+01,1.80,8.2241e-01,37.88,2.1354e-01,2.98,0.2
538,2,0.2678,5.3539e+01,5.0884e+01,1.80,8.2239e-01,37.85,2.1355e-01,2.98,0.2
539,2,0.2672,5.3539e+01,5.0884e+01,1.80,8.2243e-01,37.94,2.1359e-01,2.99,0.2
540,2,0.2689,5.3539e+01,5.0884e+01,1.80,8.2244e-01,37.95,2.1361e-01,2.99,0.2
541,2,0.2672,5.3539e+01,5.0884e+01,1.80,8.2237e-01,37.90,2.1355e-01,2.98,0.2
542,2,0.2684,5.3539e+01,5.0884e+01,1.80,8.2230e-01,37.83,2.1363e-01,2.99,0.2
543,2,0.2681,5.3539e+01,5.0884e+01,1.80,8.2240e-01,37.85,2.1371e-01,2.99,0.2
544,2,0.2691,5.3539e+01,5.0884e+01,1.80,8.2248e-01,37.89,2.1372e-01,2.99,0.2
545,2,0.2680,5.3539e+01,5.0884e+01,1.80,8.2249e-01,37.94,2.1375e-01,2.99,0.2
546,2,0.2685,5.3539e+01,5.0884e+01,1.80,8.2249e-01,37.88,2.1377e-01,2.99,0.2
547,2,0.2690,5.3539e+01,5.0884e+01,1.80,8.2246e-01,37.82,2.1385e-01,2.99,0.2
548,2,0.2691,5.3539e+01,5.0884e+01,1.80,8.2255e-01,37.87,2.1387e-01,2.99,0.2
549,2,0.2686,5.3539e+01,5.0884e+01,1.80,8.2257e-01,37.89,2.1387e-01,2.99,0.2
550,2,0.2683,5.3539e+01,5.0884e+01,1.80,8.2259e-01,37.94,2.1385e-01,2.99,0.2
551,2,0.2679,5.3539e+01,5.0884e+01,1.80,8.2256e-01,37.97,2.1378e-01,2.99,0.2
552,2,0.2679,5.3539e+01,5.0884e+01,1.80,8.2256e-01,37.89,2.1374e-01,2.99,0.2
553,2,0.2683,5.3539e+01,5.0884e+01,1.80,8.2261e-01,37.99,2.1367e-01,2.99,0.2
554,2,0.2677,5.3539e+01,5.0884e+01,1.80,8.2263e-01,38.03,2.1363e-01,2.99,0.2
555,2,0.2685,5.3539e+01,5.0884e+01,1.80,8.2265e-01,38.09,2.1354e-01,2.98,0.2
556,2,0.2690,5.3539e+01,5.0884e+01,1.80,8.2276e-01,38.12,2.1351e-01,2.98,0.2
557,2,0.2685,5.3539e+01,5.0884e+01,1.80,8.2275e-01,38.11,2.1347e-01,2.98,0.2
558,2,0.2686,5.3539e+01,5.0884e+01,1.80,8.2271e-01,38.05,2.1340e-01,2.98,0.2
559,2,0.2681,5.3539e+01,5.0884e+01,1.80,8.2255e-01,37.93,2.1338e-01,2.98,0.2
560,2,0.2682,5.3539e+01,5.0884e+01,1.80,8.2253e-01,37.93,2.1336e-01,2.98,0.2
561,2,0.2676,5.3539e+01,5.0884e+01,1.80,8.2252e-01,37.98,2.1339e-01,2.98,0.2
562,2,0.2680,5.3539e+01,5.0884e+01,1.80,8.2246e-01,37.91,2.1338e-01,2.98,0.2
563,2,0.2685,5.3539e+01,5.0884e+01,1.80,8.2231e-01,37.84,2.1327e-01,2.98,0.2
564,2,0.2680,5.3539e+01,5.0884e+01,1.80,8.2232e-01,37.81,2.1323e-01,2.98,0.2
565,2,0.2687,5.3539e+01,5.0884e+01,1.80,8.2235e-01,37.79,2.1323e-01,2.98,0.2
566,2,0.2685,5.3539e+01,5.0884e+01,1.80,8.2238e-01,37.84,2.1329e-01,2.98,0.2
567,2,0.2682,5.3539e+01,5.0884e+01,1.80,8.2250e-01,37.90,2.1333e-01,2.98,0.2
568,2,0.2692,5.3539e+01,5.0884e+01,1.80,8.2254e-01,37.97,2.1340e-01,2.98,0.2
569,2,0.2686,5.3539e+01,5.0884e+01,1.80,8.2253e-01,37.99,2.1347e-01,2.98,0.2
570,2,0.2685,5.3539e+01,5.0884e+01,1.80,8.2247e-01,37.91,2.1350e-01,2.98,0.2
571,2,0.2693,5.3539e+01,5.0884e+01,1.80,8.2248e-01,38.01,2.1352e-01,2.98,0.2
572,2,0.2689,5.3539e+01,5.0884e+01,1.80,8.2246e-01,38.00,2.1348e-01,2.98,0.2
573,2,0.2686,5.3539e+01,5.0884e+01,1.80,8.2248e-01,37.96,2.1350e-01,2.98,0.2
574,2,0.2690,5.3539e+01,5.0884e+01,1.80,8.2250e-01,38.01,2.1353e-01,2.99,0.2
575,2,0.2681,5.3539e+01,5.0884e+01,1.80,8.2257e-01,38.09,2.1357e-01,2.99,0.2
576,2,0.2696,5.3539e+01,5.0884e+01,1.80,8.2261e-01,38.13,2.1358e-01,2.99,0.2
577,2,0.2683,5.3539e+01,5.0884e+01,1.80,8.2257e-01,38.09,2.1354e-01,2.98,0.2
578,2,0.2682,5.3539e+01,5.0884e+01,1.80,8.2255e-01,38.04,2.1357e-01,2.99,0.2
579,2,0.2682,5.3539e+01,5.0884e+01,1.80,8.2250e-01,38.00,2.1356e-01,2.99,0.2
580,2,0.2678,5.3539e+01,5.0884e+01,1.80,8.2253e-01,38.08,2.1355e-01,2.99,0.2
581,2,0.2688,5.3539e+01,5.0884e+01,1.80,8.2257e-01,38.08,2.1358e-01,2.99,0.2
582,2,0.2691,5.3539e+01,5.0884e+01,1.80,8.2256e-01,38.10,2.1363e-01,2.99,0.2
583,2,0.2696,5.3539e+01,5.0884e+01,1.80,8.2245e-01,37.96,2.1364e-01,2.99,0.2
584,2,0.2683,5.3539e+01,5.0884e+01,1.80,8.2236e-01,37.98,2.1362e-01,2.99,0.2
585,2,0.2690,5.3539e+01,5.0884e+01,1.80,8.2243e-01,38.02,2.1355e-01,2.99,0.2
586,2,0.2684,5.3539e+01,5.0884e+01,1.80,8.2244e-01,37.94,2.1348e-01,2.98,0.2
587,2,0.2680,5.3539e+01,5.0884e+01,1.80,8.2240e-01,38.02,2.1350e-01,2.98,0.2
588,2,0.2684,5.3539e+01,5.0884e+01,1.80,8.2241e-01,38.02,2.1347e-01,2.98,0.2
589,2,0.2680,5.3539e+01,5.0884e+01,1.80,8.2240e-01,38.01,2.1347e-01,2.98,0.2
590,2,0.2684,5.3539e+01,5.0884e+01,1.80,8.2238e-01,37.98,2.1351e-01,2.98,0.2
591,2,0.2687,5.3539e+01,5.0884e+01,1.80,8.2236e-01,37.95,2.1349e-01,2.98,0.2
592,2,0.2684,5.3539e+01,5.0884e+01,1.80,8.2237e-01,38.03,2.1357e-01,2.99,0.2
593,2,0.2693,5.3539e+01,5.0884e+01,1.80,8.2241e-01,38.03,2.1368e-01,2.99,0.2
594,2,0.2686,5.3539e+01,5.0884e+01,1.80,8.2244e-01,38.11,2.1373e-01,2.99,0.2
595,2,0.2686,5.3539e+01,5.0884e+01,1.80,8.2238e-01,38.06,2.1377e-01,2.99,0.2
596,2,0.2687,5.3539e+01,5.0884e+01,1.80,8.2243e-01,38.14,2.1384e-01,2.99,0.2
597,2,0.2680,5.3539e+01,5.0884e+01,1.80,8.2242e-01,38.14,2.1390e-01,2.99,0.2
598,2,0.2681,5.3539e+01,5.0884e+01,1.80,8.2249e-01,38.12,2.1401e-01,2.99,0.2
599,2,0.2682,5.3539e+01,5.0884e+01,1.80,8.2255e-01,38.12,2.1405e-01,3.00,0.2
600,2,0.2691,5.3539e+01,5.0884e+01,1.80,8.2251e-01,38.04,2.1405e-01,3.00,0.2
601,2,0.2688,5.3539e+01,5.0884e+01,1.80,8.2247e-01,38.01,2.1405e-01,3.00,0.2
602,2,0.2675,5.3539e+01,5.0884e+01,1.80,8.2249e-01,38.02,2.1406e-01,3.00,0.2
603,2,0.2693,5.3539e+01,5.0884e+01,1.80,8.2247e-01,38.03,2.1404e-01,3.00,0.2
604,2,0.2686,5.3539e+01,5.0884e+01,1.80,8.2242e-01,37.98,2.1402e-01,2.99,0.2
605,2,0.2686,5.3539e+01,5.0884e+01,1.80,8.2231e-01,37.93,2.1404e-01,3.00,0.2
606,2,0.2683,5.3539e+01,5.0884e+01,1.80,8.2230e-01,37.93,2.1402e-01,2.99,0.2
607,2,0.2685,5.3539e+01,5.0884e+01,1.80,8.2230e-01,37.95,2.1398e-01,2.99,0.2
608,2,0.2685,5.3539e+01,5.0884e+01,1.80,8.2227e-01,37.92,2.1389e-01,2.99,0.2
609,2,0.2685,5.3539e+01,5.0884e+01,1.80,8.2228e-01,37.89,2.1391e-01,2.99,0.2
610,2,0.2678,5.3539e+01,5.0884e+01,1.80,8.2230e-01,37.90,2.1386e-01,2.99,0.2
611,2,0.2683,5.3539e+01,5.0884e+01,1.80,8.2235e-01,37.94,2.1381e-01,2.99,0.2
612,2,0.2685,5.3539e+01,5.0884e+01,1.80,8.2226e-01,37.83,2.1385e-01,2.99,0.2
613,2,0.2678,5.3539e+01,5.0884e+01,1.80,8.2225e-01,37.83,2.1386e-01,2.99,0.2
614,2,0.2677,5.3539e+01,5.0884e+01,1.80,8.2224e-01,37.84,2.1384e-01,2.99,0.2
615,2,0.2691,5.3539e+01,5.0884e+01,1.80,8.2226e-01,37.84,2.1384e-01,2.99,0.2
616,2,0.2686,5.3539e+01,5.0884e+01,1.80,8.2229e-01,37.89,2.1383e-01,2.99,0.2
617,2,0.2688,5.3539e+01,5.0884e+01,1.80,8.2229e-01,37.92,2.1382e-01,2.99,0.2
618,2,0.2686,5.3539e+01,5.0884e+01,1.80,8.2224e-01,37.92,2.1384e-01,2.99,0.2
619,2,0.2683,5.3539e+01,5.0884e+01,1.80,8.2221e-01,37.88,2.1384e-01,2.99,0.2
620,2,0.2685,5.3539e+01,5.0884e+01,1.80,8.2225e-01,37.87,2.1386e-01,2.99,0.2
621,2,0.2680,5.3539e+01,5.0884e+01,1.80,8.2232e-01,37.87,2.1392e-01,2.99,0.2
622,2,0.2692,5.3539e+01,5.0884e+01,1.80,8.2233e-01,37.88,2.1401e-01,2.99,0.2
623,2,0.2679,5.3539e+01,5.0884e+01,1.80,8.2234e-01,37.88,2.1412e-01,3.00,0.2
624,2,0.2695,5.3539e+01,5.0884e+01,1.80,8.2234e-01,37.87,2.1413e-01,3.00,0.2
625,2,0.2685,5.3539e+01,5.0884e+01,1.80,8.2237e-01,37.91,2.1405e-01,3.00,0.2
626,2,0.2688,5.3539e+01,5.0884e+01,1.80,8.2239e-01,37.94,2.1402e-01,3.00,0.2
627,2,0.2690,5.3539e+01,5.0884e+01,1.80,8.2234e-01,37.98,2.1402e-01,3.00,0.2
628,2,0.2692,5.3539e+01,5.0884e+01,1.80,8.2235e-01,37.98,2.1405e-01,3.00,0.2
629,2,0.2687,5.3539e+01,5.0884e+01,1.80,8.2238e-01,37.99,2.1407e-01,3.00,0.2
630,2,0.2682,5.3539e+01,5.0884e+01,1.80,8.2236e-01,38.01,2.1410e-01,3.00,0.2
631,2,0.2687,5.3539e+01,5.0884e+01,1.80,8.2228e-01,37.97,2.1414e-01,3.00,0.2
632,2,0.2682,5.3539e+01,5.0884e+01,1.80,8.2226e-01,37.99,2.1410e-01,3.00,0.2
633,2,0.2684,5.3539e+01,5.0884e+01,1.80,8.2227e-01,38.01,2.1408e-01,3.00,0.2
634,2,0.2688,5.3539e+01,5.0884e+01,1.80,8.2241e-01,38.16,2.1395e-01,2.99,0.2
635,2,0.2699,5.3539e+01,5.0884e+01,1.80,8.2241e-01,38.18,2.1391e-01,2.99,0.2
636,2,0.2685,5.3539e+01,5.0884e+01,1.80,8.2241e-01,38.21,2.1400e-01,3.00,0.2
637,2,0.2688,5.3539e+01,5.0884e+01,1.80,8.2244e-01,38.17,2.1412e-01,3.00,0.2
638,2,0.2684,5.3539e+01,5.0884e+01,1.80,8.2239e-01,38.16,2.1415e-01,3.00,0.2
639,2,0.2684,5.3539e+01,5.0884e+01,1.80,8.2243e-01,38.15,2.1410e-01,3.00,0.2
640,2,0.2692,5.3539e+01,5.0884e+01,1.80,8.2241e-01,38.17,2.1409e-01,3.00,0.2
641,2,0.2682,5.3539e+01,5.0884e+01,1.80,8.2233e-01,38.17,2.1399e-01,3.00,0.2
642,2,0.2680,5.3539e+01,5.0884e+01,1.80,8.2235e-01,38.29,2.1388e-01,2.99,0.2
643,2,0.2695,5.3539e+01,5.0884e+01,1.80,8.2231e-01,38.30,2.1379e-01,2.99,0.2
644,2,0.2683,5.3539e+01,5.0884e+01,1.80,8.2229e-01,38.24,2.1373e-01,2.99,0.2
645,2,0.2688,5.3539e+01,5.0884e+01,1.80,8.2226e-01,38.20,2.1367e-01,2.99,0.2
646,2,0.2686,5.3539e+01,5.0884e+01,1.80,8.2228e-01,38.21,2.1360e-01,2.99,0.2
647,2,0.2693,5.3539e+01,5.0884e+01,1.80,8.2223e-01,38.20,2.1366e-01,2.99,0.2
648,2,0.2690,5.3539e+01,5.0884e+01,1.80,8.2223e-01,38.14,2.1359e-01,2.99,0.2
649,2,0.2687,5.3539e+01,5.0884e+01,1.80,8.2227e-01,38.20,2.1359e-01,2.99,0.2
650,2,0.2686,5.3539e+01,5.0884e+01,1.80,8.2224e-01,38.19,2.1363e-01,2.99,0.2
651,2,0.2683,5.3539e+01,5.0884e+01,1.80,8.2228e-01,38.17,2.1357e-01,2.99,0.2
652,2,0.2692,5.3539e+01,5.0884e+01,1.80,8.2225e-01,38.11,2.1349e-01,2.98,0.2
653,2,0.2674,5.3539e+01,5.0884e+01,1.80,8.2222e-01,38.04,2.1341e-01,2.98,0.2
654,2,0.2687,5.3539e+01,5.0884e+01,1.80,8.2215e-01,37.98,2.1343e-01,2.98,0.2
655,2,0.2691,5.3539e+01,5.0884e+01,1.80,8.2208e-01,37.94,2.1336e-01,2.98,0.2
656,2,0.2685,5.3539e+01,5.0884e+01,1.80,8.2204e-01,37.86,2.1335e-01,2.98,0.2
657,2,0.2675,5.3539e+01,5.0884e+01,1.80,8.2203e-01,37.93,2.1338e-01,2.98,0.2
658,2,0.2684,5.3539e+01,5.0884e+01,1.80,8.2201e-01,37.83,2.1343e-01,2.98,0.2
659,2,0.2685,5.3539e+01,5.0884e+01,1.80,8.2199e-01,37.88,2.1342e-01,2.98,0.2
660,2,0.2682,5.3539e+01,5.0884e+01,1.80,8.2199e-01,37.91,2.1337e-01,2.98,0.2
661,2,0.2689,5.3539e+01,5.0884e+01,1.80,8.2196e-01,37.87,2.1331e-01,2.98,0.2
662,2,0.2677,5.3539e+01,5.0884e+01,1.80,8.2193e-01,37.86,2.1340e-01,2.98,0.2
663,2,0.2677,5.3539e+01,5.0884e+01,1.80,8.2190e-01,37.79,2.1349e-01,2.99,0.2
664,2,0.2693,5.3539e+01,5.0884e+01,1.80,8.2191e-01,37.79,2.1353e-01,2.99,0.2
665,2,0.2686,5.3539e+01,5.0884e+01,1.80,8.2199e-01,37.93,2.1345e-01,2.98,0.2
666,2,0.2690,5.3539e+01,5.0884e+01,1.80,8.2201e-01,37.94,2.1339e-01,2.98,0.2
667,2,0.2675,5.3539e+01,5.0884e+01,1.80,8.2201e-01,37.94,2.1339e-01,2.98,0.2
668,2,0.2677,5.3539e+01,5.0884e+01,1.80,8.2209e-01,38.04,2.1340e-01,2.98,0.2
669,2,0.2690,5.3539e+01,5.0884e+01,1.80,8.2216e-01,38.24,2.1345e-01,2.98,0.2
670,2,0.2681,5.3539e+01,5.0884e+01,1.80,8.2221e-01,38.38,2.1340e-01,2.98,0.2
671,2,0.2681,5.3539e+01,5.0884e+01,1.80,8.2227e-01,38.44,2.1334e-01,2.98,0.2
672,2,0.2689,5.3539e+01,5.0884e+01,1.80,8.2227e-01,38.44,2.1325e-01,2.98,0.2
673,2,0.2685,5.3539e+01,5.0884e+01,1.80,8.2223e-01,38.37,2.1325e-01,2.98,0.2
674,2,0.2680,5.3539e+01,5.0884e+01,1.80,8.2231e-01,38.36,2.1325e-01,2.98,0.2
675,2,0.2676,5.3539e+01,5.0884e+01,1.80,8.2227e-01,38.39,2.1340e-01,2.98,0.2
676,2,0.2678,5.3539e+01,5.0884e+01,1.80,8.2235e-01,38.49,2.1340e-01,2.98,0.2
677,2,0.2681,5.3539e+01,5.0884e+01,1.80,8.2233e-01,38.48,2.1341e-01,2.98,0.2
678,2,0.2685,5.3539e+01,5.0884e+01,1.80,8.2235e-01,38.46,2.1339e-01,2.98,0.2
679,2,0.2680,5.3539e+01,5.0884e+01,1.80,8.2238e-01,38.50,2.1341e-01,2.98,0.2
680,2,0.2677,5.3539e+01,5.0884e+01,1.80,8.2236e-01,38.45,2.1345e-01,2.98,0.2
681,2,0.2684,5.3539e+01,5.0884e+01,1.80,8.2234e-01,38.47,2.1348e-01,2.99,0.2
682,2,0.2686,5.3539e+01,5.0884e+01,1.80,8.2240e-01,38.51,2.1353e-01,2.99,0.2
683,2,0.2676,5.3539e+01,5.0884e+01,1.80,8.2242e-01,38.50,2.1352e-01,2.99,0.2
684,2,0.2680,5.3539e+01,5.0884e+01,1.80,8.2243e-01,38.52,2.1341e-01,2.98,0.2
685,2,0.2680,5.3539e+01,5.0884e+01,1.80,8.2237e-01,38.42,2.1330e-01,2.98,0.2
686,2,0.2688,5.3539e+01,5.0884e+01,1.80,8.2235e-01,38.16,2.1320e-01,2.98,0.2
687,2,0.2687,5.3539e+01,5.0884e+01,1.80,8.2234e-01,38.16,2.1325e-01,2.98,0.2
688,2,0.2681,5.3539e+01,5.0884e+01,1.80,8.2233e-01,38.13,2.1326e-01,2.98,0.2
689,2,0.2683,5.3539e+01,5.0884e+01,1.80,8.2237e-01,38.11,2.1329e-01,2.98,0.2
690,2,0.2689,5.3539e+01,5.0884e+01,1.80,8.2236e-01,38.07,2.1330e-01,2.98,0.2
691,2,0.2688,5.3539e+01,5.0884e+01,1.80,8.2235e-01,38.05,2.1330e-01,2.98,0.2
692,2,0.2690,5.3539e+01,5.0884e+01,1.80,8.2238e-01,37.93,2.1331e-01,2.98,0.2
693,2,0.2690,5.3539e+01,5.0884e+01,1.80,8.2237e-01,37.82,2.1329e-01,2.98,0.2
694,2,0.2694,5.3539e+01,5.0884e+01,1.80,8.2253e-01,37.83,2.1333e-01,2.98,0.2
695,2,0.2678,5.3539e+01,5.0884e+01,1.80,8.2259e-01,37.88,2.1332e-01,2.98,0.2
696,2,0.2686,5.3539e+01,5.0884e+01,1.80,8.2265e-01,37.99,2.1328e-01,2.98,0.2
697,2,0.2678,5.3539e+01,5.0884e+01,1.80,8.2258e-01,37.90,2.1319e-01,2.98,0.2
698,2,0.2687,5.3539e+01,5.0884e+01,1.80,8.2255e-01,37.87,2.1316e-01,2.98,0.2
699,2,0.2690,5.3539e+01,5.0884e+01,1.80,8.2231e-01,37.88,2.1314e-01,2.98,0.2
700,2,0.2684,5.3539e+01,5.0884e+01,1.80,8.2230e-01,37.79,2.1318e-01,2.98,0.2
701,2,0.2685,5.3539e+01,5.0884e+01,1.80,8.2250e-01,37.84,2.1327e-01,2.98,0.2
702,2,0.2682,5.3539e+01,5.0884e+01,1.80,8.2252e-01,37.87,2.1329e-01,2.98,0.2
703,2,0.2681,5.3539e+01,5.0884e+01,1.80,8.2238e-01,37.84,2.1321e-01,2.98,0.2
704,2,0.2689,5.3539e+01,5.0884e+01,1.80,8.2230e-01,37.86,2.1320e-01,2.98,0.2
705,2,0.2684,5.3539e+01,5.0884e+01,1.80,8.2219e-01,37.72,2.1325e-01,2.98,0.2
706,2,0.2682,5.3539e+01,5.0884e+01,1.80,8.2216e-01,37.71,2.1326e-01,2.98,0.2
707,2,0.2679,5.3539e+01,5.0884e+01,1.80,8.2206e-01,37.71,2.1334e-01,2.98,0.2
708,2,0.2694,5.3539e+01,5.0884e+01,1.80,8.2210e-01,37.76,2.1332e-01,2.98,0.2
709,2,0.2686,5.3539e+01,5.0884e+01,1.80,8.2209e-01,37.76,2.1334e-01,2.98,0.2
710,2,0.2681,5.3539e+01,5.0884e+01,1.80,8.2203e-01,37.76,2.1345e-01,2.98,0.2
711,2,0.2695,5.3539e+01,5.0884e+01,1.80,8.2206e-01,37.72,2.1355e-01,2.99,0.2
712,2,0.2676,5.3539e+01,5.0884e+01,1.80,8.2204e-01,37.72,2.1350e-01,2.99,0.2
713,2,0.2675,5.3539e+01,5.0884e+01,1.80,8.2206e-01,37.71,2.1354e-01,2.99,0.2
714,2,0.2685,5.3539e+01,5.0884e+01,1.80,8.2202e-01,37.68,2.1372e-01,2.99,0.2
715,2,0.2681,5.3539e+01,5.0884e+01,1.80,8.2201e-01,37.63,2.1371e-01,2.99,0.2
716,2,0.2686,5.3539e+01,5.0884e+01,1.80,8.2197e-01,37.67,2.1367e-01,2.99,0.2
717,2,0.2684,5.3539e+01,5.0884e+01,1.80,8.2201e-01,37.71,2.1367e-01,2.99,0.2
718,2,0.2694,5.3539e+01,5.0884e+01,1.80,8.2205e-01,37.71,2.1362e-01,2.99,0.2
719,2,0.2691,5.3539e+01,5.0884e+01,1.80,8.2205e-01,37.70,2.1362e-01,2.99,0.2
720,2,0.2689,5.3539e+01,5.0884e+01,1.80,8.2203e-01,37.69,2.1356e-01,2.99,0.2
721,2,0.2672,5.3539e+01,5.0884e+01,1.80,8.2199e-01,37.68,2.1347e-01,2.98,0.2
722,2,0.2685,5.3539e+01,5.0884e+01,1.80,8.2208e-01,37.71,2.1342e-01,2.98,0.2
723,2,0.2692,5.3539e+01,5.0884e+01,1.80,8.2213e-01,37.75,2.1348e-01,2.98,0.2
724,2,0.2674,5.3539e+01,5.0884e+01,1.80,8.2223e-01,37.86,2.1354e-01,2.99,0.2
725,2,0.2682,5.3539e+01,5.0884e+01,1.80,8.2223e-01,37.89,2.1349e-01,2.98,0.2
726,2,0.2690,5.3539e+01,5.0884e+01,1.80,8.2225e-01,37.91,2.1339e-01,2.98,0.2
727,2,0.2680,5.3539e+01,5.0884e+01,1.80,8.2226e-01,37.91,2.1326e-01,2.98,0.2
728,2,0.2682,5.3539e+01,5.0884e+01,1.80,8.2230e-01,38.00,2.1327e-01,2.98,0.2
729,2,0.2687,5.3539e+01,5.0884e+01,1.80,8.2235e-01,38.04,2.1331e-01,2.98,0.2
730,2,0.2677,5.3539e+01,5.0884e+01,1.80,8.2235e-01,38.04,2.1339e-01,2.98,0.2
731,2,0.2682,5.3539e+01,5.0884e+01,1.80,8.2228e-01,38.01,2.1340e-01,2.98,0.2
732,2,0.2683,5.3539e+01,5.0884e+01,1.80,8.2226e-01,37.85,2.1343e-01,2.98,0.2
733,2,0.2678,5.3539e+01,5.0884e+01,1.80,8.2228e-01,37.91,2.1345e-01,2.98,0.2
734,2,0.2686,5.3539e+01,5.0884e+01,1.80,8.2225e-01,37.89,2.1345e-01,2.98,0.2
735,2,0.2690,5.3539e+01,5.0884e+01,1.80,8.2223e-01,37.85,2.1335e-01,2.98,0.2
736,2,0.2694,5.3539e+01,5.0884e+01,1.80,8.2217e-01,37.86,2.1332e-01,2.98,0.2
737,2,0.2687,5.3539e+01,5.0884e+01,1.80,8.2220e-01,37.85,2.1334e-01,2.98,0.2
738,2,0.2688,5.3539e+01,5.0884e+01,1.80,8.2211e-01,37.94,2.1338e-01,2.98,0.2
739,2,0.2682,5.3539e+01,5.0884e+01,1.80,8.2213e-01,37.97,2.1337e-01,2.98,0.2
740,2,0.2686,5.3539e+01,5.0884e+01,1.80,8.2220e-01,38.13,2.1348e-01,2.98,0.2
741,2,0.2689,5.3539e+01,5.0884e+01,1.80,8.2220e-01,38.10,2.1357e-01,2.99,0.2
742,2,0.2680,5.3539e+01,5.0884e+01,1.80,8.2218e-01,38.11,2.1362e-01,2.99,0.2
743,2,0.2694,5.3539e+01,5.0884e+01,1.80,8.2221e-01,38.16,2.1372e-01,2.99,0.2
744,2,0.2682,5.3539e+01,5.0884e+01,1.80,8.2215e-01,38.13,2.1378e-01,2.99,0.2
745,2,0.2690,5.3539e+01,5.0884e+01,1.80,8.2220e-01,38.19,2.1379e-01,2.99,0.2
746,2,0.2679,5.3539e+01,5.0884e+01,1.80,8.2219e-01,38.08,2.1384e-01,2.99,0.2
747,2,0.2683,5.3539e+01,5.0884e+01,1.80,8.2218e-01,38.11,2.1383e-01,2.99,0.2
748,2,0.2684,5.3539e+01,5.0884e+01,1.80,8.2221e-01,38.15,2.1374e-01,2.99,0.2
749,2,0.2686,5.3539e+01,5.0884e+01,1.80,8.2223e-01,38.30,2.1368e-01,2.99,0.2
750,2,0.2680,5.3539e+01,5.0884e+01,1.80,8.2235e-01,38.43,2.1370e-01,2.99,0.2
751,2,0.2684,5.3539e+01,5.0884e+01,1.80,8.2234e-01,38.50,2.1373e-01,2.99,0.2
752,2,0.2679,5.3539e+01,5.0884e+01,1.80,8.2223e-01,38.45,2.1368e-01,2.99,0.2
753,2,0.2684,5.3539e+01,5.0884e+01,1.80,8.2225e-01,38.40,2.1353e-01,2.99,0.2
754,2,0.2678,5.3539e+01,5.0884e+01,1.80,8.2215e-01,38.28,2.1347e-01,2.98,0.2
755,2,0.2675,5.3539e+01,5.0884e+01,1.80,8.2202e-01,38.24,2.1342e-01,2.98,0.2
756,2,0.2685,5.3539e+01,5.0884e+01,1.80,8.2199e-01,38.17,2.1331e-01,2.98,0.2
757,2,0.2682,5.3539e+01,5.0884e+01,1.80,8.2196e-01,38.02,2.1319e-01,2.98,0.2
758,2,0.2684,5.3539e+01,5.0884e+01,1.80,8.2199e-01,38.03,2.1314e-01,2.98,0.2
759,2,0.2684,5.3539e+01,5.0884e+01,1.80,8.2201e-01,37.98,2.1315e-01,2.98,0.2
760,2,0.2692,5.3539e+01,5.0884e+01,1.80,8.2205e-01,38.07,2.1324e-01,2.98,0.2
761,2,0.2689,5.3539e+01,5.0884e+01,1.80,8.2203e-01,38.11,2.1334e-01,2.98,0.2
762,2,0.2683,5.3539e+01,5.0884e+01,1.80,8.2208e-01,38.18,2.1353e-01,2.99,0.2
763,2,0.2685,5.3539e+01,5.0884e+01,1.80,8.2205e-01,38.20,2.1356e-01,2.99,0.2
764,2,0.2683,5.3539e+01,5.0884e+01,1.80,8.2204e-01,38.14,2.1346e-01,2.98,0.2
765,2,0.2681,5.3539e+01,5.0884e+01,1.80,8.2202e-01,38.04,2.1346e-01,2.98,0.2
766,2,0.2682,5.3539e+01,5.0884e+01,1.80,8.2200e-01,37.97,2.1337e-01,2.98,0.2
767,2,0.2687,5.3539e+01,5.0884e+01,1.80,8.2203e-01,38.08,2.1332e-01,2.98,0.2
768,2,0.2691,5.3539e+01,5.0884e+01,1.80,8.2210e-01,38.20,2.1335e-01,2.98,0.2
769,2,0.2684,5.3539e+01,5.0884e+01,1.80,8.2211e-01,38.22,2.1345e-01,2.98,0.2
770,2,0.2689,5.3539e+01,5.0884e+01,1.80,8.2215e-01,38.28,2.1336e-01,2.98,0.2
771,2,0.2692,5.3539e+01,5.0884e+01,1.80,8.2209e-01,38.20,2.1323e-01,2.98,0.2
772,2,0.2681,5.3539e+01,5.0884e+01,1.80,8.2208e-01,38.21,2.1307e-01,2.98,0.2
773,2,0.2685,5.3539e+01,5.0884e+01,1.80,8.2210e-01,38.30,2.1300e-01,2.97,0.2
774,2,0.2687,5.3539e+01,5.0884e+01,1.80,8.2211e-01,38.33,2.1297e-01,2.97,0.2
775,2,0.2687,5.3539e+01,5.0884e+01,1.80,8.2201e-01,38.25,2.1301e-01,2.97,0.2
776,2,0.2679,5.3539e+01,5.0884e+01,1.80,8.2199e-01,38.34,2.1306e-01,2.98,0.2
777,2,0.2684,5.3539e+01,5.0884e+01,1.80,8.2200e-01,38.34,2.1313e-01,2.98,0.2
778,2,0.2676,5.3539e+01,5.0884e+01,1.80,8.2201e-01,38.31,2.1306e-01,2.98,0.2
779,2,0.2689,5.3539e+01,5.0884e+01,1.80,8.2208e-01,38.39,2.1304e-01,2.98,0.2
780,2,0.2692,5.3539e+01,5.0884e+01,1.80,8.2212e-01,38.41,2.1300e-01,2.97,0.2
781,2,0.2681,5.3539e+01,5.0884e+01,1.80,8.2208e-01,38.42,2.1295e-01,2.97,0.2
782,2,0.2684,5.3539e+01,5.0884e+01,1.80,8.2204e-01,38.35,2.1292e-01,2.97,0.2
783,2,0.2678,5.3539e+01,5.0884e+01,1.80,8.2188e-01,38.29,2.1282e-01,2.97,0.2
784,2,0.2688,5.3539e+01,5.0884e+01,1.80,8.2196e-01,38.33,2.1278e-01,2.97,0.2
785,2,0.2679,5.3539e+01,5.0884e+01,1.80,8.2202e-01,38.36,2.1282e-01,2.97,0.2
786,2,0.2682,5.3539e+01,5.0884e+01,1.80,8.2203e-01,38.38,2.1276e-01,2.97,0.2
787,2,0.2691,5.3539e+01,5.0884e+01,1.80,8.2202e-01,38.34,2.1267e-01,2.97,0.2
788,2,0.2683,5.3539e+01,5.0884e+01,1.80,8.2208e-01,38.40,2.1268e-01,2.97,0.2
789,2,0.2685,5.3539e+01,5.0884e+01,1.80,8.2207e-01,38.30,2.1266e-01,2.97,0.2
790,2,0.2691,5.3539e+01,5.0884e+01,1.80,8.2214e-01,38.36,2.1260e-01,2.97,0.2
791,2,0.2683,5.3539e+01,5.0884e+01,1.80,8.2213e-01,38.30,2.1261e-01,2.97,0.2
792,2,0.2680,5.3539e+01,5.0884e+01,1.80,8.2213e-01,38.31,2.1259e-01,2.97,0.2
793,2,0.2685,5.3539e+01,5.0884e+01,1.80,8.2215e-01,38.34,2.1269e-01,2.97,0.2
794,2,0.2686,5.3539e+01,5.0884e+01,1.80,8.2217e-01,38.37,2.1274e-01,2.97,0.2
795,2,0.2683,5.3539e+01,5.0884e+01,1.80,8.2218e-01,38.38,2.1272e-01,2.97,0.2
796,2,0.2685,5.3539e+01,5.0884e+01,1.80,8.2214e-01,38.39,2.1267e-01,2.97,0.2
797,2,0.2687,5.3539e+01,5.0884e+01,1.80,8.2210e-01,38.29,2.1259e-01,2.96,0.2
798,2,0.2677,5.3539e+01,5.0884e+01,1.80,8.2202e-01,38.16,2.1251e-01,2.96,0.2
799,2,0.2682,5.3539e+01,5.0884e+01,1.80,8.2203e-01,38.11,2.1254e-01,2.96,0.2
800,2,0.2682,5.3539e+01,5.0884e+01,1.80,8.2206e-01,38.08,2.1263e-01,2.97,0.2
